CLE,Win,WAS
MIA,Win,BOS
LAL,Loss,DAL
PHI,Win,DEN
TOR,Loss,IND
DET,Loss,HOU
CHI,Win,SAC
NO,Loss,SA
UTA,Win,DAL
PHO,Loss,GS
LAC,Win,MEM
POR,Win,LAL
SA,Win,OKC
ORL,Win,DEN
CHA,Win,IND
BOS,Loss,MIL
CLE,Loss,CHI
ATL,Loss,HOU
NY,Win,MIA
NO,Win,UTA
MIN,Win,SAC
OKC,Win,POR
PHO,Win,DET
LAL,Loss,LAC
GS,Loss,MEM
WAS,Loss,BOS
IND,Win,SAC
MIA,Win,DEN
BKN,Win,TOR
CHI,Loss,NO
HOU,Loss,POR
DAL,Win,CHA
MIL,Win,CLE
SA,Win,UTA
LAC,Loss,GS
NY,Win,PHI
ORL,Win,PHO
TOR,Win,MIN
OKC,Loss,ATL
LAL,Win,DET
PHI,Loss,NY
MIA,Win,PHO
BKN,Loss,MIN
MEM,Win,UTA
SA,Win,IND
DAL,Win,POR
SAC,Win,GS
LAC,Loss,CLE
CHI,Win,ORL
OKC,Win,TOR
DEN,Win,DET
CHA,Loss,PHO
MIA,Win,BKN
ATL,Win,IND
BOS,Win,WAS
NO,Loss,PHI
MIL,Loss,MEM
MIN,Win,ORL
HOU,Loss,DEN
DAL,Win,TOR
UTA,Win,LAL
SAC,Win,DET
GS,Win,CLE
LAC,Win,SA
CHI,Loss,OKC
POR,Loss,LAC
WAS,Loss,MIL
ORL,Loss,BKN
BOS,Loss,PHI
ATL,Loss,MIA
NY,Win,DAL
NO,Win,CHA
MIN,Win,IND
OKC,Win,DET
MEM,Win,HOU
PHO,Win,CLE
SAC,Loss,SA
DEN,Win,UTA
LAL,Win,GS
TOR,Loss,PHI
IND,Win,WAS
CHA,Win,DAL
HOU,Win,DET
CHI,Win,MIN
MIL,Loss,BOS
UTA,Win,PHO
POR,Loss,SA
GS,Loss,DEN
BKN,Win,ORL
LAC,Win,ATL
MEM,Win,MIA
OKC,Win,CLE
LAL,Win,SAC
PHI,Loss,MIL
TOR,Loss,UTA
DET,Loss,OKC
CHI,Loss,BOS
HOU,Loss,MIA
DAL,Loss,MIN
PHO,Win,DEN
POR,Loss,ATL
ORL,Loss,NY
IND,Loss,TOR
CHA,Win,WAS
BKN,Win,CLE
SAC,Loss,POR
LAL,Loss,SA
PHI,Loss,DET
BOS,Win,UTA
MIN,Loss,CHA
OKC,Loss,MEM
HOU,Win,NO
MIL,Win,IND
DAL,Win,WAS
PHO,Loss,CHI
GS,Win,ATL
LAC,Win,MIA
BKN,Win,BOS
SA,Loss,NY
DEN,Loss,MIA
PHI,Win,UTA
DET,Loss,ORL
IND,Win,DAL
NO,Loss,OKC
MIN,Loss,GS
MEM,Win,NY
SAC,Loss,ATL
POR,Win,HOU
LAL,Win,PHO
BOS,Win,TOR
LAC,Win,CHI
WAS,Loss,UTA
CHA,Loss,MEM
CLE,Loss,DAL
MIL,Win,NO
SA,Win,DEN
PHO,Loss,MIA
NY,Win,IND
TOR,Win,ORL
PHI,Win,CLE
SAC,Loss,BKN
OKC,Win,GS
DET,Win,BOS
POR,Win,CHI
LAL,Win,HOU
CHA,Win,MIL
WAS,Loss,IND
ATL,Win,ORL
MEM,Loss,DEN
SA,Loss,LAC
DAL,Loss,GS
UTA,Win,HOU
PHI,Win,TOR
NO,Loss,NY
LAL,Win,BKN
CLE,Win,PHI
IND,Win,NO
ORL,Win,DET
CHA,Win,TOR
MIA,Win,MIL
OKC,Win,LAC
BOS,Loss,SA
ATL,Win,WAS
HOU,Win,CHI
MIN,Loss,DEN
DAL,Win,NY
PHO,Win,POR
SAC,Win,LAL
GS,Win,BKN
ORL,Win,CLE
CHA,Loss,ATL
BKN,Win,LAC
DET,Win,TOR
BOS,Win,OKC
HOU,Win,NY
MEM,Win,LAL
IND,Loss,SA
PHO,Win,NO
UTA,Win,SAC
DEN,Win,GS
POR,Win,MIN
WAS,Loss,CHA
ATL,Win,LAC
PHI,Loss,OKC
MIA,Win,CLE
DAL,Loss,LAL
MIL,Loss,CHI
SAC,Win,UTA
GS,Win,MIN
NY,Win,DET
TOR,Loss,SA
BKN,Win,POR
ORL,Loss,BOS
PHI,Win,PHO
DEN,Win,NO
BKN,Win,NY
WAS,Loss,SA
DET,Win,POR
OKC,Win,CHA
CHI,Loss,MIL
MEM,Win,CLE
UTA,Win,DEN
LAC,Loss,NO
PHI,Win,DAL
CLE,Loss,PHO
HOU,Win,TOR
SAC,Loss,MIN
LAL,Loss,IND
ORL,Loss,SA
WAS,Win,POR
ATL,Win,CHA
BOS,Loss,BKN
DET,Win,PHO
NO,Loss,UTA
MIL,Loss,NY
CHI,Win,DAL
MEM,Win,TOR
OKC,Win,HOU
LAC,Win,MIN
MIA,Win,SA
GS,Win,DEN
CHA,Loss,PHI
ORL,Loss,BKN
TOR,Win,PHO
ATL,Loss,CLE
BOS,Win,POR
NY,Win,WAS
MIN,Win,MIL
OKC,Win,UTA
MEM,Win,DET
SAC,Loss,IND
LAL,Win,DEN
MIA,Win,BKN
CLE,Loss,POR
CHI,Win,PHI
HOU,Win,UTA
NO,Loss,OKC
MIL,Win,BOS
SA,Win,MEM
DAL,Win,DET
LAC,Win,SAC
GS,Win,IND
NY,Win,PHO
LAL,Loss,ORL
CHA,Loss,POR
DET,Win,CLE
NO,Win,MIL
UTA,Loss,LAC
DEN,Win,TOR
GS,Loss,ORL
WAS,Win,MIA
PHI,Loss,MIN
BKN,Loss,OKC
HOU,Win,LAL
CHI,Loss,IND
MEM,Win,PHO
CHA,Loss,NY
IND,Win,POR
ATL,Win,DEN
BOS,Win,MIN
DET,Loss,GS
CLE,Loss,CHI
NO,Loss,LAL
SA,Win,MIL
UTA,Win,ORL
SAC,Win,TOR
LAC,Win,DAL
MIA,Loss,NY
PHO,Loss,DAL
PHI,Win,BOS
IND,Loss,DEN
DET,Loss,CHI
BKN,Loss,GS
ATL,Win,WAS
MIN,Win,CLE
NO,Loss,MEM
MIL,Win,CHA
SA,Win,HOU
UTA,Win,TOR
OKC,Win,LAL
SAC,Win,ORL
LAC,Win,PHO
CHA,Loss,SA
WAS,Loss,GS
BOS,Win,PHI
MIA,Win,NO
CLE,Loss,DET
MEM,Loss,ATL
CHI,Win,NY
HOU,Loss,DAL
POR,Loss,SAC
LAC,Win,TOR
BKN,Loss,MIL
OKC,Win,IND
NY,Win,DEN
PHO,Loss,ORL
LAL,Loss,UTA
PHI,Win,DET
CHA,Loss,GS
MIA,Win,ATL
HOU,Loss,SA
DAL,Win,SAC
POR,Win,TOR
BKN,Loss,NY
CLE,Win,LAL
DET,Loss,DEN
NO,Loss,WAS
CHI,Loss,LAC
IND,Win,CLE
ORL,Loss,ATL
TOR,Loss,BKN
PHI,Loss,CHI
CHA,Loss,LAC
MIA,Loss,GS
OKC,Win,NO
MIL,Win,SAC
BOS,Win,DAL
MIN,Win,DEN
HOU,Win,WAS
PHO,Win,MEM
UTA,Win,SA
ATL,Win,CHA
NY,Win,LAL
POR,Win,SA
IND,Win,PHI
WAS,Loss,LAL
TOR,Win,DAL
CLE,Loss,MIL
BKN,Win,DET
HOU,Win,BOS
OKC,Win,SAC
NO,Loss,MIN
ORL,Win,GS
PHO,Win,UTA
DEN,Win,MEM
ATL,Loss,GS
NY,Win,CLE
CHA,Loss,ORL
DET,Loss,IND
MIA,Win,WAS
MIN,Win,DAL
CHI,Win,BKN
SA,Win,BOS
MIL,Loss,LAC
UTA,Loss,MEM
TOR,Win,HOU
PHI,Loss,LAL
SAC,Loss,DEN
POR,Win,NO
ORL,Win,MIN
DET,Loss,LAC
NY,Loss,HOU
MEM,Win,CHI
OKC,Win,SA
PHO,Win,SAC
WAS,Loss,ATL
CLE,Loss,TOR
BKN,Loss,UTA
MIA,Win,MIN
CHI,Win,BOS
MIL,Win,IND
DAL,Win,PHI
DEN,Win,SA
LAL,Win,CHA
GS,Win,NO
IND,Win,UTA
NY,Win,BKN
TOR,Win,DET
ORL,Win,WAS
BOS,Win,CLE
ATL,Loss,OKC
HOU,Win,PHI
PHO,Win,CHA
MEM,Win,MIL
SAC,Win,GS
LAC,Win,NO
MIN,Win,OKC
DAL,Loss,MIA
POR,Win,DEN
PHI,Win,ATL
TOR,Win,ORL
BOS,Loss,MIL
NY,Loss,CHI
CLE,Loss,IND
DET,Win,WAS
MEM,Win,DAL
SA,Win,NO
GS,Win,CHA
LAC,Win,SAC
ATL,Win,CHI
WAS,Loss,DET
MIA,Win,UTA
HOU,Win,MEM
NO,Loss,IND
MIL,Loss,CLE
DEN,Win,CHA
POR,Win,PHO
GS,Loss,LAL
BKN,Win,PHI
NY,Win,MIN
ORL,Loss,UTA
SA,Win,DAL
PHO,Loss,LAC
SAC,Win,POR
BKN,Loss,BOS
LAL,Win,NY
MIA,Win,OKC
CHI,Loss,HOU
LAC,Win,DEN
WAS,Loss,CLE
CHA,Loss,MIA
ORL,Loss,NO
ATL,Win,DET
MEM,Loss,PHI
MIL,Win,BKN
MIN,Loss,HOU
SA,Win,TOR
PHO,Loss,NY
DEN,Win,LAL
UTA,Loss,GS
POR,Win,SAC
OKC,Win,DAL
LAC,Win,BOS
WAS,Win,ORL
IND,Win,PHO
BKN,Win,CHA
CLE,Loss,ATL
DET,Win,MIA
NO,Loss,TOR
DAL,Loss,DEN
SA,Win,HOU
UTA,Loss,LAC
SAC,Win,NY
GS,Win,PHI
LAL,Win,POR
CHA,Loss,NO
ATL,Win,IND
ORL,Loss,TOR
BKN,Win,CLE
MEM,Win,DEN
MIN,Win,PHO
HOU,Loss,OKC
CHI,Win,WAS
MIL,Win,MIA
POR,Win,PHI
GS,Win,BOS
DET,Win,MIL
DAL,Loss,SA
SAC,Win,BOS
LAC,Win,UTA
CHI,Loss,CHA
IND,Win,MEM
ORL,Loss,MIA
HOU,Win,ATL
SA,Win,BKN
OKC,Win,PHO
WAS,Loss,DAL
DET,Win,SAC
NY,Loss,POR
NO,Loss,ATL
DEN,Win,LAC
LAL,Loss,PHI
ORL,Loss,CHI
CLE,Loss,SAC
TOR,Win,POR
IND,Win,WAS
BOS,Loss,MEM
MIA,Win,DAL
HOU,Win,NO
OKC,Loss,BKN
MIL,Loss,SA
PHO,Win,PHI
UTA,Win,MIN
GS,Win,LAC
NY,Win,SA
DEN,Loss,MIN
CHA,Loss,CLE
TOR,Loss,SAC
WAS,Loss,BKN
MIA,Loss,CHI
DET,Win,ATL
OKC,Win,PHI
BOS,Win,IND
MEM,Loss,POR
MIL,Loss,HOU
PHO,Loss,UTA
LAC,Win,LAL
IND,Win,MIL
ATL,Loss,BOS
ORL,Loss,NY
BKN,Win,SAC
CLE,Loss,HOU
MIN,Loss,POR
SA,Win,PHI
DAL,Loss,NO
DEN,Win,UTA
LAC,Win,GS
TOR,Loss,OKC
MIA,Win,WAS
DET,Loss,CHA
PHO,Loss,MEM
LAL,Loss,DEN
WAS,Win,OKC
NY,Loss,BOS
CHI,Win,CLE
NO,Win,SA
UTA,Win,DAL
SAC,Loss,MEM
POR,Win,ORL
IND,Win,MIA
PHI,Loss,BKN
MIN,Win,ATL
HOU,Win,LAL
MIL,Win,PHO
TOR,Win,PHI
CLE,Win,ATL
CHA,Loss,UTA
BOS,Win,PHO
CHI,Loss,MIL
SA,Win,LAL
NO,Win,HOU
OKC,Win,MIN
DEN,Win,ORL
GS,Loss,MEM
LAC,Win,DAL
IND,Win,NY
SAC,Loss,DAL
POR,Win,MIA
TOR,Win,CHA
ATL,Win,UTA
BOS,Win,HOU
BKN,Win,PHO
NY,Loss,CHI
MEM,Win,SA
NO,Win,MIN
MIL,Loss,DET
DEN,Win,CLE
LAL,Loss,OKC
GS,Win,POR
LAC,Loss,ORL
IND,Win,CHA
WAS,Win,ATL
DET,Loss,UTA
PHI,Win,HOU
CHI,Loss,PHO
DAL,Win,MEM
SAC,Loss,MIA
NY,Win,NO
TOR,Loss,MIL
BKN,Win,IND
SA,Win,MIN
DEN,Win,GS
POR,Loss,OKC
LAL,Win,CLE
WAS,Win,ORL
BOS,Win,CHA
MEM,Loss,LAC
CHI,Win,ATL
DAL,Win,MIN
UTA,Win,MIA
PHO,Loss,OKC
SAC,Win,CLE
PHI,Loss,NO
CHA,Loss,IND
BKN,Win,TOR
HOU,Loss,LAC
DEN,Win,POR
LAL,Win,MIL
TOR,Loss,CHI
ORL,Win,IND
ATL,Win,BKN
BOS,Loss,NO
OKC,Win,DEN
SA,Win,MEM
DAL,Win,HOU
POR,Loss,CLE
SAC,Win,WAS
GS,Loss,MIA
DET,Loss,NY
MIN,Loss,LAC
PHO,Loss,MIL
LAL,Loss,MIA
ORL,Loss,CHA
BOS,Loss,CHI
PHI,Win,TOR
IND,Win,HOU
BKN,Win,ATL
MEM,Win,SAC
SA,Win,GS
DEN,Loss,WAS
DAL,Loss,OKC
CHA,Loss,SAC
ATL,Loss,SA
CHI,Loss,MEM
MIN,Win,HOU
NO,Loss,GS
UTA,Win,CLE
POR,Loss,MIL
LAC,Win,WAS
TOR,Win,LAL
ORL,Loss,DAL
DET,Win,BOS
DEN,Win,OKC
NO,Win,SAC
MEM,Loss,IND
CHA,Loss,HOU
ATL,Win,MIN
NY,Loss,BKN
GS,Win,LAC
PHI,Loss,SA
CHI,Win,LAL
POR,Loss,WAS
CLE,Win,BOS
DET,Win,ORL
MIL,Win,PHI
LAC,Loss,OKC
CHA,Loss,ATL
MIA,Win,TOR
MEM,Win,LAL
MIN,Loss,BKN
HOU,Loss,DEN
CHI,Win,DET
SA,Win,NO
UTA,Win,WAS
POR,Win,IND
SAC,Loss,PHO
GS,Win,OKC
ORL,Loss,TOR
BOS,Loss,NY
PHO,Win,LAC
WAS,Win,MIN
CLE,Win,MIL
ATL,Win,BOS
MIA,Win,DET
MEM,Win,BKN
NO,Loss,HOU
DAL,Loss,SA
CHI,Win,GS
SAC,Loss,OKC
LAL,Win,UTA
WAS,Win,CHI
TOR,Loss,CLE
PHI,Win,NY
CHA,Win,MIN
HOU,Win,BKN
SA,Win,PHO
MIL,Win,GS
DEN,Win,SAC
UTA,Win,IND
POR,Win,LAC
BOS,Win,MIA
LAL,Win,OKC
MEM,Loss,NO
ORL,Loss,DET
NY,Win,ATL
DAL,Win,PHO
LAC,Win,POR
PHI,Loss,MEM
WAS,Loss,SAC
TOR,Loss,GS
BKN,Win,ORL
CHI,Win,CHA
DEN,Win,IND
UTA,Loss,HOU
CLE,Loss,GS
DET,Loss,MIL
POR,Win,DAL
LAL,Win,NO
IND,Win,DET
PHI,Win,WAS
BOS,Win,SAC
NY,Win,ORL
ATL,Win,TOR
MIL,Loss,CHI
MIN,Loss,LAC
BKN,Loss,MIA
SA,Win,CHA
UTA,Win,NO
DEN,Win,HOU
PHO,Win,LAL
OKC,Win,MEM
GS,Win,DAL
TOR,Win,LAC
IND,Win,MIA
NY,Win,MIL
BKN,Win,CHI
DET,Win,CLE
PHI,Win,SAC
BOS,Win,ORL
MEM,Win,WAS
DEN,Win,NO
PHO,Loss,DAL
UTA,Win,POR
MIN,Loss,LAL
ATL,Loss,CHI
NY,Win,SAC
CLE,Win,OKC
HOU,Win,CHA
MIN,Win,NO
MIL,Win,ORL
SA,Win,WAS
POR,Win,UTA
GS,Win,PHO
BOS,Win,LAC
DET,Loss,LAL
TOR,Loss,MIA
IND,Win,CHI
WAS,Win,LAC
PHI,Win,ORL
MIA,Win,CHA
NY,Win,DET
OKC,Win,DAL
MIN,Loss,POR
UTA,Win,SAC
IND,Win,ATL
BKN,Loss,LAL
MEM,Loss,PHO
HOU,Win,GS
DEN,Win,MIL
CLE,Win,CHA
TOR,Loss,BOS
ORL,Loss,LAC
WAS,Win,NY
PHI,Loss,IND
ATL,Win,MEM
DET,Loss,BKN
MIA,Win,HOU
NO,Win,PHO
OKC,Win,GS
DAL,Win,POR
UTA,Win,MIL
MIN,Loss,SA
BOS,Win,LAL
DEN,Win,CHI
CHA,Loss,LAL
WAS,Win,BKN
IND,Loss,TOR
ATL,Loss,NO
CLE,Win,ORL
DET,Win,SA
MIA,Win,LAC
MIN,Loss,NY
OKC,Win,PHO
HOU,Win,POR
MEM,Win,GS
UTA,Loss,CHI
CLE,Loss,DEN
PHI,Win,CHA
MIL,Loss,DET
DAL,Win,GS
SAC,Win,UTA
NY,Loss,LAC
MIA,Win,LAL
TOR,Win,NO
BOS,Win,DEN
MEM,Win,MIN
ORL,Win,POR
BKN,Loss,SA
PHO,Loss,OKC
SAC,Win,HOU
CHA,Win,BOS
PHI,Loss,LAC
IND,Loss,BKN
CLE,Loss,MIN
DET,Loss,NO
CHI,Loss,SA
MIL,Loss,WAS
DAL,Loss,ATL
TOR,Win,DEN
MIA,Win,POR
MEM,Win,SAC
UTA,Win,OKC
GS,Loss,HOU
LAL,Win,PHO
IND,Win,CHA
ORL,Loss,ATL
CLE,Loss,SA
BOS,Win,CHI
BKN,Win,DEN
NY,Loss,TOR
DET,Win,WAS
MIL,Win,PHI
MIN,Loss,UTA
NO,Win,POR
DAL,Win,SAC
LAC,Win,HOU
OKC,Loss,MIA
LAL,Loss,LAC
ORL,Loss,CHA
WAS,Loss,TOR
BKN,Win,MIL
DET,Loss,MEM
NO,Loss,CHI
DEN,Win,BOS
UTA,Win,GS
SAC,Loss,SA
POR,Loss,PHO
TOR,Loss,MEM
CLE,Win,NO
IND,Win,NY
CHA,Loss,DET
MIN,Win,PHI
ATL,Loss,MIA
MIL,Loss,BKN
HOU,Win,OKC
DAL,Win,ORL
LAL,Win,BOS
GS,Win,PHO
CHI,Loss,MIA
LAC,Loss,SA
CHA,Loss,CHI
TOR,Win,NY
WAS,Win,DEN
IND,Win,DET
ATL,Win,SAC
BKN,Loss,HOU
MEM,Win,ORL
NO,Loss,DAL
OKC,Win,MIN
PHO,Loss,BOS
GS,Win,SA
LAL,Win,POR
ORL,Loss,CLE
CHA,Loss,DEN
WAS,Win,HOU
PHI,Loss,MIA
DET,Loss,IND
MIL,Loss,ATL
LAC,Win,UTA
DAL,Loss,LAL
BKN,Loss,MEM
MIN,Loss,GS
MIA,Win,CLE
NO,Win,SAC
NY,Win,PHI
PHO,Loss,SA
POR,Win,BOS
OKC,Win,CHI
TOR,Loss,WAS
DET,Loss,ATL
UTA,Loss,BOS
DEN,Win,LAL
PHI,Loss,ORL
IND,Win,GS
MIA,Win,SAC
CHI,Loss,CLE
NO,Loss,BKN
DAL,Loss,MIL
PHO,Win,MIN
LAC,Win,CHA
ORL,Loss,SAC
CLE,Win,TOR
NY,Win,GS
HOU,Loss,MIL
OKC,Win,NO
MEM,Win,DAL
WAS,Loss,DET
SA,Loss,PHO
UTA,Loss,ATL
POR,Loss,DEN
IND,Loss,LAC
CHI,Win,PHI
LAL,Win,MIN
WAS,Loss,NY
TOR,Loss,IND
ORL,Loss,HOU
CLE,Loss,LAC
MIA,Win,MEM
BOS,Win,GS
BKN,Loss,DAL
NO,Win,DET
SA,Win,SAC
UTA,Win,CHA
PHO,Win,ATL
DEN,Win,OKC
PHI,Win,GS
CHI,Win,BKN
MIL,Win,TOR
POR,Win,MIN
NY,Loss,MIA
LAC,Loss,OKC
WAS,Win,PHI
SAC,Win,CHA
ORL,Loss,MEM
HOU,Win,DAL
SA,Win,DET
IND,Win,CHI
LAL,Win,ATL
CLE,Loss,NY
MIN,Loss,MIA
MIL,Win,UTA
NO,Loss,ORL
DEN,Win,ATL
POR,Win,CHA
GS,Win,TOR
PHI,Loss,BOS
OKC,Win,LAL
SAC,Loss,DEN
IND,Loss,BOS
CLE,Win,UTA
CHA,Loss,BKN
ATL,Win,PHI
DET,Loss,NY
MIA,Win,ORL
NO,Loss,LAL
MEM,Win,POR
MIN,Win,WAS
DAL,Win,HOU
SA,Win,CHI
PHO,Loss,TOR
LAC,Win,MIL
GS,Win,SAC
NY,Loss,OKC
DEN,Win,LAC
ORL,Loss,IND
CHA,Loss,OKC
CLE,Loss,MEM
BOS,Win,ATL
DET,Loss,DAL
BKN,Win,WAS
MIA,Win,PHI
CHI,Win,UTA
SA,Loss,POR
SAC,Win,PHO
LAL,Win,TOR
GS,Loss,HOU
ATL,Loss,BKN
NY,Win,UTA
WAS,Win,CHA
MEM,Win,NO
PHO,Win,HOU
DEN,Win,MIN
GS,Loss,MIL
OKC,Win,BOS
LAL,Win,CHI
ORL,Win,PHI
TOR,Win,CLE
MIA,Win,IND
MIN,Loss,DAL
NO,Win,POR
SAC,Loss,MIL
LAC,Win,DET
PHI,Win,BKN
SA,Win,OKC
UTA,Win,DET
PHO,Loss,DEN
GS,Win,NY
CHA,Win,BOS
ORL,Loss,LAL
CLE,Win,WAS
MIA,Win,ATL
BKN,Win,NO
MIL,Loss,DAL
MIN,Win,SA
POR,Loss,MEM
WAS,Win,MIL
PHI,Loss,MIA
IND,Win,MIN
ATL,Win,LAL
BOS,Win,TOR
OKC,Win,UTA
HOU,Win,PHO
SAC,Win,CHI
LAC,Loss,MEM
DEN,Win,NY
GS,Win,DET
SA,Win,DAL
POR,Win,NY
TOR,Win,CHA
WAS,Win,NO
IND,Loss,LAL
ATL,Win,PHO
OKC,Win,ORL
HOU,Win,MIN
DAL,Win,CLE
MIL,Loss,MIA
DEN,Win,MEM
GS,Loss,CHI
WAS,Win,PHO
BOS,Win,CHA
PHI,Win,IND
SA,Win,CLE
UTA,Win,MEM
POR,Win,DET
TOR,Loss,MIA
MIL,Win,ORL
LAC,Win,NY
MIN,Win,NO
HOU,Loss,GS
DAL,Loss,OKC
BKN,Loss,ATL
LAL,Win,SAC
CLE,Loss,IND
PHI,Win,POR
CHA,Win,WAS
ATL,Loss,DAL
DET,Loss,BKN
BOS,Loss,MIA
CHI,Loss,DEN
MEM,Win,MIN
NO,Loss,GS
PHO,Win,LAL
UTA,Loss,NY
IND,Win,ORL
OKC,Loss,DEN
MIL,Win,POR
SAC,Win,LAC
CLE,Loss,MIA
CHA,Win,TOR
ATL,Win,MIL
NY,Win,ORL
NO,Win,BOS
HOU,Win,UTA
DAL,Loss,BKN
MEM,Win,OKC
SA,Win,GS
PHO,Loss,WAS
LAC,Win,PHI
CHI,Loss,POR
DEN,Win,PHI
SAC,Win,MIN
IND,Win,MIL
TOR,Loss,NY
ORL,Loss,OKC
MIA,Win,DET
ATL,Loss,POR
HOU,Win,CLE
NO,Win,MEM
DAL,Win,BOS
SA,Win,UTA
PHO,Loss,MIN
LAL,Loss,WAS
CHA,Loss,DET
NY,Win,TOR
MEM,Win,BOS
CHI,Win,IND
DEN,Win,SAC
LAC,Win,BKN
GS,Win,WAS
MIL,Loss,ATL
MIA,Win,CHA
MIN,Loss,CHI
HOU,Win,SA
OKC,Win,POR
DAL,Win,UTA
SAC,Loss,PHI
PHO,Loss,BKN
WAS,Win,MEM
IND,Win,ATL
ORL,Loss,MIA
NO,Win,DEN
UTA,Win,PHI
GS,Win,LAL
BOS,Loss,NY
DET,Loss,MIN
DAL,Win,LAC
PHI,Win,MIL
CLE,Loss,BOS
TOR,Loss,ATL
CHA,Win,ORL
NY,Win,MEM
NO,Loss,LAC
CHI,Win,MIA
MIN,Loss,LAL
HOU,Loss,IND
OKC,Win,WAS
SA,Win,DEN
UTA,Win,PHO
GS,Loss,SAC
POR,Loss,BKN
MIL,Win,LAL
DAL,Loss,IND
PHO,Loss,SAC
ORL,Win,WAS
CLE,Loss,PHI
NY,Win,CHA
BOS,Win,ATL
DET,Loss,TOR
NO,Loss,MIA
MEM,Win,HOU
MIN,Win,OKC
SA,Win,LAC
DEN,Win,BKN
POR,Loss,UTA
DAL,Win,CHI
ATL,Win,ORL
PHI,Win,CHA
HOU,Win,LAC
MIN,Loss,MEM
MIL,Loss,OKC
UTA,Win,BKN
SAC,Loss,LAL
PHO,Loss,IND
GS,Win,POR
NO,Win,CLE
WAS,Win,TOR
SA,Loss,MIA
CHI,Win,DET
NY,Win,BOS
TOR,Loss,DET
ATL,Win,CLE
MIL,Win,CHA
MIN,Win,BOS
HOU,Win,ORL
MEM,Win,SA
UTA,Win,POR
LAC,Loss,IND
WAS,Win,CHI
MIA,Loss,NY
LAL,Win,DAL
CHA,Win,PHI
ATL,Loss,NY
CLE,Loss,BKN
TOR,Win,WAS
BOS,Win,DET
MIL,Loss,MIN
SA,Win,ORL
UTA,Loss,DEN
POR,Loss,MEM
SAC,Loss,HOU
GS,Win,NO
LAC,Win,PHO
BKN,Loss,CHI
DEN,Win,DAL
OKC,Win,SA
CHA,Loss,MIA
ATL,Loss,PHI
NY,Win,MIL
BOS,Loss,CLE
CHI,Win,ORL
MIN,Loss,TOR
IND,Loss,OKC
UTA,Win,NO
SAC,Loss,DAL
POR,Loss,HOU
PHO,Loss,GS
LAL,Win,MEM
WAS,Win,IND
MIA,Win,PHI
BKN,Win,CHA
MIN,Win,DET
SA,Win,ATL
MIL,Win,TOR
DEN,Win,HOU
OKC,Loss,NY
LAC,Win,LAL
SAC,Loss,MEM
CLE,Win,ORL
BOS,Win,WAS
DET,Win,CHI
GS,Loss,UTA
PHO,Loss,NO
POR,Loss,DAL
IND,Win,CLE
BKN,Win,PHI
MIA,Win,MIL
NY,Win,WAS
MEM,Win,CHA
CHI,Loss,TOR
HOU,Win,PHO
UTA,Loss,OKC
LAL,Win,NO
GS,Win,MIN
ORL,Win,MIL
PHI,Loss,ATL
WAS,Loss,MIA
CLE,Loss,DET
BOS,Loss,BKN
DAL,Loss,PHO
SAC,Win,NO
POR,Loss,LAL
DEN,Win,SA
LAC,Win,MIN
CHI,Win,NY
GS,Loss,OKC
WAS,Loss,PHI
TOR,Win,CHI
IND,Loss,BKN
DET,Win,CHA
ATL,Win,MIL
MIA,Win,BOS
CLE,Loss,NY
NO,Loss,LAC
HOU,Loss,MEM
SA,Win,SAC
DAL,Win,DEN
UTA,Win,MIN
POR,Loss,OKC
LAL,Win,GS
CHA,Win,MIL
ORL,Loss,BOS
MEM,Loss,LAC
MIN,Win,PHO
MIA,Win,CHI
PHI,Win,CLE
TOR,Win,BKN
NY,Win,IND
DEN,Win,POR
NO,Loss,DAL
HOU,Win,SAC
LAL,Win,SA
ORL,Loss,CHI
CLE,Loss,MIA
CHA,Win,NY
DET,Win,PHI
BKN,Win,WAS
DAL,Loss,MEM
MIN,Loss,UTA
OKC,Win,SAC
MIL,Loss,DEN
PHO,Win,HOU
GS,Win,SA
ATL,Loss,TOR
LAC,Win,POR
IND,Loss,PHI
OKC,Loss,MIL
CHA,Win,CLE
TOR,Win,BOS
NY,Win,ATL
DAL,Win,NO
MEM,Win,UTA
MIA,Win,ORL
BKN,Win,DET
DEN,Win,PHO
SA,Loss,MIN
CHI,Win,WAS
SAC,Loss,LAC
LAL,Win,HOU
POR,Loss,GS
IND,Win,ORL
MIA,Win,CHI
LAL,Win,LAC
CLE,Win,BKN
PHI,Win,MIA
TOR,Win,BOS
DET,Win,WAS
NY,Win,MIL
HOU,Win,CHA
MIN,Win,ORL
NO,Loss,IND
DAL,Win,ATL
SA,Win,MEM
UTA,Loss,OKC
PHO,Win,POR
SAC,Win,DEN
GS,Win,LAL
CHI,Win,NY
LAC,Win,GS
CHA,Win,CLE
ORL,Win,NO
WAS,Loss,PHI
ATL,Win,TOR
BOS,Loss,MIL
HOU,Win,DAL
MEM,Win,DET
MIN,Win,OKC
BKN,Win,MIA
DEN,Loss,POR
PHO,Win,UTA
SAC,Loss,LAC
LAL,Loss,SA
IND,Win,CLE
PHI,Win,CHI
NO,Win,CHA
DAL,Win,MEM
MIL,Loss,TOR
UTA,Loss,HOU
POR,Win,SA
GS,Win,SAC
DET,Win,BOS
MIA,Win,WAS
ORL,Win,BKN
OKC,Win,PHO
NY,Loss,MIN
LAL,Win,ATL
CLE,Win,MIN
PHI,Loss,GS
MEM,Win,BOS
LAC,Win,HOU
TOR,Loss,MIA
BKN,Win,UTA
DET,Loss,IND
NY,Loss,CHA
NO,Loss,PHO
DAL,Win,LAL
DEN,Loss,SA
POR,Loss,HOU
SAC,Loss,ATL
CHA,Win,TOR
IND,Win,CHI
ORL,Win,LAC
PHI,Loss,WAS
BOS,Win,UTA
MEM,Loss,NO
MIL,Win,CLE
MIN,Loss,GS
SA,Win,PHO
OKC,Win,DAL
MIA,Win,LAC
DEN,Win,ATL
HOU,Loss,LAL
CHA,Loss,NY
IND,Win,TOR
ORL,Loss,BOS
PHI,Win,CLE
WAS,Win,BKN
DET,Loss,OKC
CHI,Win,UTA
MIN,Win,DAL
NO,Win,LAL
SA,Win,GS
PHO,Win,DEN
POR,Win,SAC
TOR,Win,UTA
ATL,Win,ORL
BKN,Loss,IND
CLE,Win,PHI
MIA,Loss,BOS
HOU,Loss,LAC
MEM,Win,GS
MIL,Loss,DAL
SAC,Loss,POR
NY,Loss,SA
OKC,Win,WAS
PHO,Win,NO
LAL,Loss,MIN
CHA,Loss,ATL
IND,Win,MEM
PHI,Loss,SA
BOS,Win,ORL
CHI,Win,CLE
HOU,Win,TOR
UTA,Loss,DEN
POR,Win,DET
LAC,Win,MIN
MIA,Win,MIL
DAL,Win,WAS
GS,Win,DET
LAL,Win,NO
ORL,Win,MIL
PHI,Win,HOU
BOS,Loss,CHA
MEM,Loss,TOR
MIN,Win,CLE
ATL,Loss,NY
SA,Win,WAS
DEN,Win,LAL
UTA,Win,NO
POR,Win,PHO
SAC,Win,BKN
LAC,Win,OKC
NY,Loss,HOU
GS,Win,OKC
IND,Win,MIL
TOR,Loss,CHI
ATL,Win,PHI
BOS,Loss,POR
CLE,Loss,CHA
MIA,Win,DAL
DEN,Win,MIN
PHO,Loss,BKN
UTA,Loss,SA
LAL,Loss,MEM
SAC,Loss,DET
CHA,Loss,MIA
ORL,Loss,DAL
WAS,Loss,CLE
NY,Loss,ATL
CHI,Win,IND
HOU,Win,DEN
MIN,Win,BOS
NO,Win,PHI
MIL,Loss,OKC
GS,Win,UTA
LAC,Win,BKN
TOR,Loss,POR
SAC,Loss,MEM
LAL,Win,DET
BKN,Loss,POR
CHI,Win,CHA
OKC,Win,DEN
DAL,Win,PHI
UTA,Loss,GS
LAC,Loss,MEM
WAS,Win,MIN
DET,Win,NY
MIA,Win,ATL
HOU,Win,BOS
SAC,Win,PHO
CHA,Win,BKN
CLE,Loss,WAS
NY,Loss,IND
ORL,Loss,MIA
PHI,Loss,TOR
ATL,Win,DET
MIL,Loss,POR
MIN,Loss,LAC
NO,Win,UTA
SA,Win,BOS
PHO,Loss,SAC
DAL,Win,HOU
GS,Loss,MEM
OKC,Win,LAC
DEN,Win,CHI
CHA,Loss,PHO
PHI,Win,MIL
TOR,Win,WAS
BOS,Loss,IND
DET,Loss,ATL
MEM,Loss,SA
MIN,Win,BKN
NO,Win,CLE
DAL,Win,UTA
POR,Win,CHI
LAL,Win,GS
LAC,Win,SAC
IND,Win,PHI
WAS,Win,NY
ATL,Loss,BOS
MIA,Win,ORL
HOU,Win,MIN
MIL,Loss,CHA
SA,Win,CLE
DEN,Win,DAL
GS,Loss,POR
BKN,Loss,DET
LAC,Win,CHI
ORL,Loss,PHO
OKC,Win,UTA
LAL,Win,SAC
CHA,Loss,BOS
IND,Win,MIN
DET,Win,MIL
MIA,Win,PHO
MEM,Loss,HOU
DAL,Loss,DEN
SA,Win,NO
UTA,Win,CHI
POR,Win,NY
TOR,Loss,BKN
WAS,Win,LAL
ATL,Loss,ORL
NO,Loss,GS
CHA,Loss,IND
ORL,Win,PHI
BOS,Loss,MEM
BKN,Loss,LAL
CLE,Loss,MIA
DET,Loss,CHI
HOU,Win,ATL
MIL,Loss,WAS
MIN,Loss,DEN
OKC,Win,SA
DAL,Win,GS
PHO,Win,POR
LAC,Win,NY
CHA,Win,MIL
ORL,Loss,SA
TOR,Loss,MIA
ATL,Win,DAL
BOS,Win,CLE
DET,Loss,LAL
HOU,Win,BKN
OKC,Win,GS
IND,Win,WAS
PHI,Loss,NO
DEN,Win,NY
UTA,Loss,PHO
SAC,Loss,LAC
WAS,Win,ATL
CLE,Win,CHI
MEM,Loss,BKN
DAL,Loss,MIN
SA,Loss,HOU
PHO,Loss,UTA
MIL,Win,BOS
TOR,Loss,DEN
LAC,Loss,IND
DET,Win,PHI
SAC,Loss,GS
MIA,Win,CHA
OKC,Win,MIN
NY,Loss,NO
LAL,Loss,POR
WAS,Win,ORL
CHI,Loss,NO
SA,Win,ATL
UTA,Win,HOU
POR,Win,IND
PHI,Win,ORL
BOS,Win,MIL
BKN,Loss,DEN
MIA,Loss,DET
MEM,Win,PHO
DAL,Win,CHA
SAC,Loss,OKC
GS,Win,TOR
CLE,Win,DEN
ATL,Win,LAC
HOU,Loss,PHO
MIL,Loss,DET
NO,Loss,DAL
UTA,Loss,IND
POR,Win,OKC
BKN,Loss,NY
MEM,Loss,LAC
CHI,Win,MIA
CHA,Win,PHI
WAS,Loss,MIL
ATL,Win,CLE
BOS,Win,DEN
NY,Win,ORL
HOU,Win,GS
NO,Loss,OKC
PHO,Win,TOR
POR,Win,UTA
SAC,Loss,LAL
PHI,Loss,DEN
CLE,Win,LAC
CHI,Loss,DET
MEM,Loss,GS
MIN,Loss,MIA
MIL,Loss,BKN
SA,Loss,IND
UTA,Loss,SAC
POR,Loss,DAL
NY,Loss,BOS
DET,Loss,MIA
HOU,Win,ORL
OKC,Win,IND
LAL,Loss,TOR
CHA,Win,GS
PHI,Loss,LAC
WAS,Loss,DEN
MEM,Win,ORL
UTA,Loss,POR
SAC,Win,DAL
CLE,Win,NY
IND,Win,MIA
TOR,Loss,SA
ATL,Loss,OKC
BKN,Win,BOS
DET,Loss,MIN
CHI,Loss,MIL
LAL,Loss,PHO
CHA,Loss,ORL
BOS,Loss,LAC
MEM,Loss,OKC
MIL,Loss,SA
MIN,Win,PHI
NO,Win,DET
NY,Win,CHI
SAC,Loss,UTA
GS,Win,DAL
BKN,Win,LAC
POR,Win,HOU
IND,Win,CHA
ORL,Loss,CLE
TOR,Win,PHI
ATL,Win,WAS
BOS,Win,NY
DET,Win,BKN
NO,Win,MEM
OKC,Win,LAL
MIL,Loss,CHI
SA,Win,MIN
DEN,Loss,UTA
PHO,Win,SAC
GS,Loss,HOU
CHA,Loss,LAL
WAS,Loss,LAC
MIA,Win,CLE
NY,Win,ATL
CHI,Loss,TOR
PHI,Loss,POR
DAL,Win,MIL
UTA,Loss,SA
SAC,Win,HOU
MEM,Loss,MIN
DET,Loss,POR
OKC,Win,ORL
DEN,Win,NO
PHO,Win,GS
IND,Loss,DET
ATL,Win,LAL
BOS,Win,MIN
BKN,Win,PHI
MIA,Win,UTA
NY,Loss,WAS
CHI,Loss,ORL
LAC,Win,SA
CHA,Win,SAC
CLE,Loss,POR
MEM,Loss,LAL
DEN,Loss,OKC
GS,Win,NO
MIA,Win,IND
ORL,Loss,UTA
TOR,Loss,CHA
ATL,Win,SAC
BOS,Loss,DET
BKN,Loss,WAS
MIL,Loss,NY
MIN,Win,POR
DAL,Win,MEM
PHO,Loss,SA
HOU,Win,CHI
LAC,Win,NO
OKC,Win,CHI
GS,Loss,SA
PHI,Win,BKN
ATL,Win,UTA
CLE,Win,MIL
DET,Loss,CHA
MIA,Win,SAC
IND,Win,HOU
DAL,Loss,TOR
DEN,Loss,PHO
LAL,Win,MIN
NY,Loss,MEM
BOS,Loss,WAS
CHA,Loss,UTA
ORL,Loss,SAC
DET,Loss,HOU
CHI,Win,CLE
MIL,Win,PHI
SA,Loss,OKC
PHO,Win,DAL
POR,Win,NO
GS,Win,LAL
LAC,Win,DEN
IND,Win,BOS
OKC,Loss,TOR
LAC,Win,MIN
CHA,Win,MIL
CLE,Loss,DET
ORL,Loss,NY
BKN,Loss,IND
MIA,Win,ATL
HOU,Loss,DAL
MEM,Win,UTA
SA,Win,TOR
DEN,Loss,GS
PHO,Win,LAL
SAC,Loss,NO
BKN,Loss,CHI
NY,Loss,OKC
LAL,Loss,MIA
SA,Loss,HOU
GS,Win,LAC
CLE,Loss,ATL
HOU,Win,MEM
DAL,Loss,SA
POR,Win,LAC
CHA,Loss,OKC
ORL,Win,DET
BKN,Win,MIL
NY,Loss,TOR
MIN,Win,WAS
NO,Win,DEN
UTA,Win,LAL
SAC,Win,MIA
GS,Win,PHO
BOS,Win,CLE
IND,Win,BKN
TOR,Win,NY
WAS,Win,DET
ATL,Win,CHA
CHI,Loss,DAL
HOU,Win,NO
MEM,Win,DEN
MIL,Loss,MIN
PHO,Win,PHI
POR,Loss,MIA
LAC,Win,UTA
CLE,Loss,GS
ORL,Win,ATL
OKC,Win,HOU
SA,Win,SAC
LAL,Loss,PHI
DET,Loss,WAS
MEM,Loss,CHI
MIN,Loss,DAL
NO,Win,POR
DEN,Loss,MIA
UTA,Win,CHA
LAC,Loss,PHO
BOS,Loss,ATL
IND,Win,CLE
ORL,Loss,GS
CHI,Loss,TOR
HOU,Loss,SAC
SA,Win,BKN
OKC,Loss,POR
LAL,Loss,MIL
WAS,Loss,DAL
TOR,Win,IND
MIN,Win,NO
DEN,Loss,PHI
LAC,Win,CHA
CLE,Win,ORL
MIA,Loss,GS
CHI,Win,BOS
OKC,Loss,BKN
SA,Loss,NY
PHO,Loss,MEM
UTA,Win,MIL
POR,Win,CHA
SAC,Loss,PHI
WAS,Loss,TOR
ATL,Loss,GS
BOS,Loss,NO
HOU,Win,NY
DAL,Loss,LAC
DEN,Win,MEM
LAL,Win,UTA
IND,Win,NO
ORL,Loss,MIA
BKN,Win,CLE
CHI,Win,ATL
MIN,Loss,OKC
SA,Win,LAC
PHO,Win,MIL
POR,Loss,PHI
SAC,Loss,CHA
DET,Loss,MEM
CLE,Loss,IND
MIA,Win,TOR
WAS,Loss,GS
OKC,Win,BOS
DAL,Loss,NY
LAL,Loss,DEN
PHI,Loss,MIN
BKN,Win,ATL
LAC,Win,ORL
CHA,Loss,WAS
CLE,Win,PHI
IND,Win,TOR
MIA,Win,NO
NY,Win,DET
CHI,Win,PHO
MEM,Loss,SA
MIL,Loss,GS
DAL,Win,LAL
DEN,Win,BOS
UTA,Win,OKC
SAC,Win,POR
SA,Win,DAL
TOR,Win,DET
ATL,Win,IND
BKN,Win,GS
MIN,Loss,PHO
NO,Loss,WAS
HOU,Win,LAL
POR,Win,ORL
LAC,Win,BOS
NY,Win,MIA
DEN,Win,OKC
IND,Win,WAS
PHI,Loss,DET
ATL,Win,HOU
MEM,Win,PHO
MIN,Win,CHA
NO,Loss,DAL
BKN,Win,MIA
MIL,Loss,CHI
UTA,Loss,CLE
SAC,Win,ORL
GS,Win,BOS
LAC,Win,LAL
TOR,Win,BKN
WAS,Loss,HOU
DET,Win,PHO
PHI,Loss,NY
CHI,Win,CHA
OKC,Win,MIL
DAL,Win,NO
DEN,Win,ORL
POR,Win,BOS
SAC,Win,CLE
MEM,Win,ATL
SA,Win,MIN
TOR,Win,MIL
BOS,Loss,HOU
NY,Win,PHO
CHI,Loss,WAS
NO,Loss,SA
DAL,Win,ORL
UTA,Win,DEN
CHA,Win,NY
IND,Win,SAC
MEM,Win,OKC
LAL,Loss,CLE
ORL,Loss,CHI
PHI,Win,CHA
WAS,Win,MIA
BOS,Win,TOR
MIL,Loss,MEM
MIN,Loss,SAC
NO,Loss,HOU
SA,Win,UTA
PHO,Win,LAL
POR,Win,CLE
GS,Loss,DEN
LAC,Win,DAL
ATL,Loss,BKN
IND,Win,NY
HOU,Loss,OKC
NY,Loss,LAC
ORL,Loss,CHA
PHI,Loss,MIA
TOR,Win,MIN
WAS,Win,CHI
BOS,Loss,LAL
DET,Loss,UTA
MEM,Win,SAC
SA,Loss,POR
DEN,Loss,CLE
PHO,Loss,DAL
OKC,Win,GS
CHA,Loss,MIA
IND,Win,LAC
WAS,Loss,DET
CHI,Win,PHI
HOU,Win,MIL
MIN,Win,UTA
NO,Loss,GS
DAL,Loss,POR
TOR,Loss,LAL
ORL,Win,BOS
OKC,Win,SAC
SA,Win,MIL
PHO,Win,DEN
CLE,Loss,DAL
DET,Loss,LAC
CHA,Win,TOR
WAS,Win,PHI
NY,Loss,BKN
MEM,Loss,NO
ATL,Win,MIA
CHI,Win,LAL
HOU,Win,POR
GS,Loss,IND
BKN,Win,ORL
MIA,Win,BOS
NO,Loss,SAC
OKC,Win,POR
UTA,Loss,MIN
CHA,Win,LAC
CLE,Loss,CHI
ORL,Loss,ATL
TOR,Win,DAL
WAS,Loss,BOS
NY,Loss,PHI
HOU,Win,SAC
MIL,Win,DET
PHO,Win,IND
SA,Loss,OKC
MIA,Win,LAL
POR,Win,DEN
ORL,Win,LAL
PHI,Loss,TOR
ATL,Loss,SA
BOS,Loss,OKC
BKN,Win,DAL
CLE,Win,MIL
DET,Loss,NO
NY,Win,CHA
CHI,Loss,LAC
HOU,Loss,MEM
PHO,Loss,WAS
SAC,Loss,IND
GS,Loss,MIN
CHA,Loss,CHI
TOR,Loss,LAC
PHI,Loss,OKC
MEM,Win,HOU
MIL,Loss,ATL
DEN,Win,IND
UTA,Win,WAS
POR,Win,MIN
MIA,Win,SA
NY,Win,LAL
NO,Win,ORL
CLE,Loss,PHO
BOS,Loss,BKN
DAL,Win,DET
GS,Win,POR
SAC,Loss,DEN
PHI,Loss,PHO
BKN,Loss,TOR
CHI,Loss,MIN
MIL,Loss,LAC
OKC,Win,ATL
UTA,Win,SAC
CLE,Loss,NO
DET,Win,ORL
NY,Win,BOS
HOU,Win,SA
POR,Loss,MEM
GS,Loss,WAS
LAL,Loss,IND
MIA,Loss,OKC
TOR,Win,ORL
BOS,Loss,PHI
MIL,Loss,PHO
MIN,Win,NO
DAL,Loss,HOU
DEN,Loss,CHA
SA,Loss,CHI
SAC,Loss,MEM
LAC,Win,WAS
IND,Loss,PHO
NY,Win,CLE
GS,Win,LAC
ORL,Win,MIL
PHI,Loss,ATL
MIN,Loss,MEM
BKN,Loss,OKC
DAL,Win,SAC
DEN,Loss,TOR
LAL,Loss,CHA
UTA,Loss,GS
IND,Win,BKN
WAS,Win,OKC
ATL,Win,MIN
DET,Win,PHI
HOU,Win,CLE
MEM,Win,MIL
NO,Win,CHI
SA,Win,SAC
NY,Loss,MIA
PHO,Win,CHA
POR,Win,TOR
LAC,Win,UTA
BOS,Win,ORL
IND,Win,ORL
WAS,Win,POR
BKN,Win,PHI
MIA,Win,DET
MIL,Win,NY
NO,Loss,SA
OKC,Win,MEM
DAL,Win,CLE
DEN,Win,LAC
UTA,Loss,TOR
SAC,Win,CHI
ATL,Loss,IND
MIN,Win,LAL
PHO,Loss,CHI
GS,Loss,CHA
CLE,Loss,LAL
PHI,Loss,BOS
WAS,Loss,SA
NY,Loss,POR
HOU,Win,PHO
MEM,Loss,DAL
NO,Win,ATL
OKC,Win,MIN
ORL,Win,DET
DEN,Win,MIL
SAC,Win,TOR
LAC,Loss,MIA
BKN,Win,SA
GS,Win,CHI
IND,Win,POR
ORL,Win,OKC
PHI,Loss,LAL
WAS,Loss,CLE
BOS,Win,SAC
DET,Win,BKN
NY,Win,DEN
DAL,Win,UTA
NO,Win,MIN
LAC,Win,TOR
CHA,Loss,SA
ATL,Loss,MEM
DET,Win,DEN
MIN,Loss,POR
MIL,Loss,HOU
PHO,Win,GS
UTA,Win,MIA
OKC,Win,NY
LAL,Loss,CHI
BOS,Loss,DAL
BKN,Win,NO
CLE,Win,MEM
ORL,Win,IND
WAS,Win,SAC
LAC,Win,PHI
IND,Win,DEN
TOR,Win,NO
DET,Win,SA
MIL,Loss,BOS
MIN,Loss,HOU
GS,Win,PHI
CHA,Win,DAL
CLE,Win,SAC
CHI,Win,ATL
MEM,Win,WAS
PHO,Loss,MIA
POR,Loss,OKC
LAL,Loss,UTA
IND,Loss,DAL
ORL,Loss,MEM
TOR,Win,ATL
BOS,Loss,SA
BKN,Win,CHA
DET,Loss,CLE
NY,Loss,SAC
HOU,Win,WAS
MIL,Loss,NO
MIN,Win,DEN
UTA,Win,PHI
GS,Loss,MIA
LAC,Win,POR
CHI,Win,BKN
LAL,Loss,OKC
IND,Win,ATL
PHI,Loss,CLE
WAS,Loss,TOR
DET,Loss,CHA
MEM,Win,NY
MIL,Win,ORL
DAL,Loss,MIA
DEN,Loss,PHO
LAC,Loss,SA
CHA,Win,DET
CLE,Win,ORL
TOR,Loss,CHI
ATL,Loss,WAS
MIN,Win,IND
NO,Loss,NY
PHO,Win,BOS
UTA,Loss,BKN
POR,Loss,SA
SAC,Loss,GS
LAL,Loss,HOU
MIL,Loss,DEN
OKC,Loss,MIA
GS,Win,HOU
CHA,Win,NO
ORL,Win,NY
PHI,Loss,DAL
TOR,Win,CLE
DET,Win,ATL
CHI,Win,DEN
MEM,Win,LAC
PHO,Win,SA
POR,Win,UTA
LAL,Win,BOS
CHA,Win,MEM
WAS,Win,NO
ATL,Win,NY
DET,Loss,DAL
MIL,Loss,IND
UTA,Loss,MIN
SAC,Win,BOS
GS,Win,BKN
OKC,Loss,LAC
MIA,Win,CHI
CLE,Loss,WAS
TOR,Win,ORL
DEN,Loss,SAC
PHO,Loss,HOU
LAL,Loss,BKN
POR,Win,MIN
PHI,Loss,MIL
DET,Loss,GS
NY,Loss,DAL
NO,Loss,LAC
UTA,Win,BOS
CLE,Loss,TOR
IND,Win,LAL
WAS,Win,ORL
ATL,Loss,CHI
DEN,Loss,POR
PHO,Loss,MIN
SAC,Loss,HOU
PHI,Loss,ORL
BOS,Win,ATL
CHI,Win,GS
DAL,Win,NO
MEM,Win,LAL
OKC,Loss,CLE
SA,Win,DET
UTA,Win,PHO
POR,Win,BKN
LAC,Win,HOU
IND,Win,MIL
TOR,Loss,WAS
MIA,Win,NY
DEN,Loss,BKN
CLE,Win,UTA
OKC,Win,MEM
NY,Loss,GS
DAL,Loss,CHI
SA,Win,CHA
LAL,Win,SAC
PHO,Win,NO
MIA,Win,ORL
PHI,Loss,WAS
HOU,Win,DET
BOS,Loss,IND
MIL,Loss,BKN
MEM,Win,CLE
POR,Win,DEN
SAC,Loss,MIN
LAC,Win,NO
CHI,Win,NY
TOR,Win,GS
IND,Win,UTA
ORL,Win,PHI
OKC,Win,CHA
SA,Win,DAL
PHO,Win,ATL
WAS,Loss,MEM
BKN,Win,CHI
DET,Win,NY
MIA,Win,CHA
MIL,Win,UTA
DEN,Loss,MIN
POR,Loss,LAL
SAC,Win,NO
CLE,Loss,SA
IND,Loss,GS
HOU,Win,MIA
OKC,Win,PHI
PHO,Loss,LAC
LAL,Loss,NO
CHA,Win,IND
ORL,Loss,HOU
WAS,Win,UTA
BOS,Loss,GS
BKN,Win,MEM
DET,Loss,CHI
MIL,Loss,SAC
MIN,Loss,NY
DEN,Win,DAL
POR,Win,ATL
SA,Win,MIA
PHO,Win,OKC
LAL,Loss,LAC
CHI,Loss,MEM
CHA,Win,CLE
TOR,Win,SAC
BOS,Win,BKN
NY,Win,UTA
MIN,Win,DET
NO,Win,MIL
DAL,Win,POR
DEN,Win,LAL
HOU,Win,IND
GS,Win,ATL
CLE,Loss,NY
PHI,Loss,UTA
MEM,Win,CHA
MIL,Loss,WAS
SA,Win,ORL
LAC,Win,ATL
CHI,Win,MIA
LAL,Win,OKC
NO,Win,DEN
BOS,Win,DET
BKN,Win,SAC
HOU,Win,POR
MIN,Loss,TOR
DAL,Win,IND
GS,Win,PHO
CHA,Win,DEN
BKN,Win,TOR
MIA,Win,WAS
NY,Win,PHI
MIL,Win,ORL
UTA,Loss,ATL
LAC,Win,PHO
IND,Win,BOS
DET,Win,SAC
CHI,Loss,SA
MEM,Win,POR
MIN,Win,MIL
OKC,Win,HOU
GS,Win,DAL
MIA,Loss,BKN
ORL,Loss,DEN
PHI,Loss,SAC
TOR,Win,DET
WAS,Loss,CHA
BOS,Loss,NY
NO,Loss,MEM
UTA,Loss,DAL
SA,Win,POR
PHO,Loss,CLE
LAC,Win,GS
CHI,Win,HOU
ATL,Win,MIL
OKC,Win,LAL
CHA,Win,MIN
ORL,Loss,WAS
PHI,Loss,IND
TOR,Win,MEM
BOS,Loss,PHO
MIA,Loss,DEN
NO,Loss,POR
SA,Win,LAL
UTA,Loss,LAC
GS,Loss,CLE
NY,Win,MIL
WAS,Win,BKN
ATL,Win,DEN
DET,Loss,IND
PHI,Loss,MEM
CHI,Win,SAC
MIL,Loss,CHA
TOR,Loss,PHO
MIA,Win,HOU
NO,Win,BOS
MIN,Win,SAC
OKC,Loss,DAL
SA,Win,UTA
POR,Loss,GS
LAC,Win,CLE
CHA,Loss,ATL
IND,Win,PHI
BKN,Win,PHO
CHI,Loss,OKC
HOU,Win,UTA
DAL,Win,BOS
DEN,Win,LAC
CLE,Loss,MIA
ATL,Win,TOR
POR,Win,MIL
SAC,Win,WAS
GS,Win,ORL
PHI,Loss,CHI
BOS,Win,MIA
BKN,Win,CHA
MEM,Win,UTA
NO,Loss,TOR
NY,Win,IND
DAL,Loss,MIN
DEN,Win,DET
PHO,Win,ORL
LAL,Loss,SA
CLE,Loss,OKC
HOU,Win,MIN
POR,Win,WAS
GS,Win,MIL
IND,Win,CHI
PHI,Loss,NY
TOR,Loss,OKC
ATL,Loss,NO
BKN,Win,BOS
MIA,Win,MEM
DAL,Win,DEN
PHO,Win,DET
SAC,Loss,SA
LAL,Loss,WAS
CHA,Win,POR
CLE,Loss,HOU
CHI,Win,PHI
MEM,Win,IND
NO,Win,MIA
UTA,Win,ORL
GS,Loss,SA
LAC,Win,DET
TOR,Win,ATL
MIN,Loss,PHO
DEN,Win,WAS
SAC,Win,MIL
DAL,Loss,BKN
NY,Loss,CLE
LAL,Win,ORL
CHA,Loss,HOU
ATL,Loss,PHO
MIA,Win,POR
CHI,Win,IND
MEM,Win,MIN
NO,Win,BKN
OKC,Win,DEN
SA,Win,PHI
UTA,Loss,DET
LAC,Win,MIL
CLE,Win,TOR
ORL,Win,POR
DAL,Win,OKC
LAL,Win,NY
CHA,Win,BKN
WAS,Loss,PHO
BOS,Loss,TOR
DET,Loss,CLE
MIN,Win,ATL
NO,Win,LAC
IND,Win,MIA
SA,Win,DEN
SAC,Loss,NY
UTA,Loss,MEM
ATL,Loss,POR
HOU,Win,PHI
MIL,Win,LAL
DAL,Loss,LAC
ORL,Win,CHA
TOR,Win,BOS
WAS,Win,IND
BKN,Win,CLE
DET,Loss,MIA
CHI,Loss,POR
MIN,Win,LAL
NO,Win,UTA
OKC,Win,SAC
DEN,Loss,SA
PHO,Win,NY
GS,Win,MEM
PHI,Win,DET
HOU,Loss,LAC
WAS,Win,ATL
DAL,Win,SAC
MIL,Loss,MIA
SA,Win,NO
OKC,Win,UTA
CLE,Win,IND
BKN,Win,MIN
ORL,Loss,TOR
BOS,Loss,CHI
GS,Loss,NY
POR,Win,MEM
LAL,Win,PHO
CHA,Win,WAS
IND,Loss,SA
ATL,Win,PHI
DET,Win,MIL
MIA,Win,TOR
CHI,Win,BOS
MIN,Loss,LAC
NO,Loss,SAC
DEN,Loss,MEM
UTA,Loss,NY
BKN,Win,HOU
DAL,Loss,GS
LAL,Loss,POR
IND,Win,DET
NY,Win,BKN
ORL,Loss,CLE
PHI,Loss,CHA
TOR,Win,HOU
WAS,Win,BOS
ATL,Loss,CHI
MIA,Win,MIL
MIN,Win,MEM
SA,Win,GS
DEN,Win,NO
PHO,Loss,LAC
SAC,Win,LAL
OKC,Win,SA
LAC,Loss,DAL
MEM,Win,DEN
CHA,Win,ORL
TOR,Win,IND
ATL,Win,CLE
BOS,Loss,PHI
BKN,Win,DET
MIA,Loss,MIN
NY,Loss,WAS
CHI,Win,MIL
UTA,Win,NO
HOU,Win,OKC
POR,Loss,PHO
GS,Win,SAC
LAL,Loss,DAL
ORL,Win,MIN
WAS,Loss,CHI
CLE,Loss,CHA
DET,Win,BOS
PHI,Loss,BKN
MIL,Loss,TOR
MIA,Win,NY
LAC,Win,LAL
SAC,Loss,DAL
IND,Loss,ATL
HOU,Win,DEN
SA,Win,MEM
GS,Win,UTA
PHO,Win,OKC
POR,Win,NO
ATL,Loss,DET
MIA,Loss,BKN
MIN,Win,SA
UTA,Loss,DAL
SAC,Loss,OKC
LAL,Loss,HOU
CLE,Win,DET
ORL,Win,BKN
TOR,Win,PHI
WAS,Loss,CHA
ATL,Win,BOS
MEM,Win,MIA
MIL,Loss,IND
MIN,Loss,CHI
NO,Loss,PHO
DEN,Win,HOU
POR,Win,SAC
LAC,Loss,OKC
DAL,Loss,SA
GS,Loss,DEN
ORL,Loss,WAS
TOR,Loss,NY
BOS,Win,CHA
BKN,Loss,ATL
MIA,Win,IND
CHI,Win,DET
MEM,Win,PHI
MIN,Win,HOU
OKC,Win,NO
MIL,Win,CLE
SA,Win,PHO
UTA,Loss,POR
LAL,Loss,GS
LAC,Win,SAC
CHA,Win,PHI
WAS,Win,MIL
ATL,Win,MIA
CLE,Loss,BOS
HOU,Win,NO
DAL,Win,PHO
DEN,Win,UTA
NY,Win,CHI
DET,Loss,TOR
BKN,Win,ORL
IND,Win,OKC
POR,Win,GS
SAC,Win,MIN
LAL,Loss,MEM
PHI,Win,BOS
TOR,Win,MIL
WAS,Win,MIA
ATL,Loss,CHA
CHI,Win,ORL
HOU,Win,SA
NO,Win,OKC
UTA,Loss,LAL
PHO,Loss,MEM
GS,Win,MIN
BKN,Loss,NY
LAC,Win,DEN
MEM,Win,DAL
MIL,Loss,ATL
MIN,Loss,UTA
NO,Win,HOU
OKC,Win,DET
SA,Loss,LAL
BOS,Loss,WAS
CHA,Win,CHI
CLE,Win,BKN
MIA,Loss,PHI
NY,Win,TOR
ORL,Loss,IND
POR,Win,LAC
SAC,Loss,PHO
DEN,Loss,GS
NO,Win,ORL
SA,Win,DAL
LAL,Loss,HOU
CHA,Win,MIL
IND,Win,PHI
BOS,Win,BKN
MIA,Win,WAS
TOR,Win,ATL
MEM,Win,MIN
NY,Loss,CHI
DEN,Win,DET
UTA,Loss,HOU
PHO,Win,LAL
SAC,Loss,GS
POR,Win,OKC
ORL,Loss,WAS
MIN,Win,DET
CLE,Loss,NY
DAL,Win,UTA
LAC,Win,OKC
IND,Loss,MEM
CHI,Loss,CLE
MIL,Win,PHI
PHO,Win,SA
SAC,Win,POR
LAL,Loss,LAC
NO,Loss,DAL
CHA,Loss,MEM
ORL,Loss,TOR
PHI,Loss,MIA
WAS,Win,MIL
ATL,Win,IND
DET,Loss,BKN
HOU,Win,BOS
MIN,Loss,CHI
OKC,Win,DEN
UTA,Win,PHO
GS,Win,LAL
LAC,Loss,SAC
MIA,Win,TOR
NY,Win,CHA
POR,Loss,GS
PHI,Loss,HOU
BKN,Win,OKC
MEM,Win,NO
DAL,Win,BOS
DEN,Loss,SAC
LAC,Win,UTA
IND,Loss,MIL
MIA,Loss,HOU
NY,Loss,WAS
TOR,Win,OKC
CHI,Win,ORL
NO,Win,CHA
POR,Win,CLE
LAL,Loss,PHO
CHA,Win,MIA
PHI,Loss,ORL
BOS,Loss,TOR
BKN,Loss,MIN
DET,Win,NY
MIL,Loss,CHI
WAS,Win,IND
SA,Win,ATL
PHO,Loss,MEM
UTA,Win,CLE
SAC,Win,DEN
GS,Win,LAC
HOU,Win,SA
POR,Win,DAL
CHA,Win,ATL
ORL,Win,MIN
PHI,Loss,CHI
BOS,Win,IND
BKN,Win,NY
DET,Win,MIL
TOR,Win,WAS
OKC,Loss,MEM
PHO,Loss,SAC
UTA,Loss,DAL
DEN,Loss,CLE
LAC,Win,POR
IND,Loss,WAS
ATL,Win,NY
MIA,Win,MIN
CHI,Loss,BOS
HOU,Loss,GS
MIL,Win,MEM
SA,Loss,NO
BKN,Win,ORL
DET,Loss,UTA
OKC,Win,SAC
TOR,Win,PHI
DAL,Loss,MIA
PHO,Win,GS
POR,Win,DEN
LAL,Win,CHA
CLE,Win,NO
IND,Win,UTA
NY,Loss,ATL
CHI,Win,DET
LAC,Loss,SA
TOR,Win,ORL
MEM,Win,LAL
MIL,Win,OKC
DAL,Win,SAC
POR,Win,CHA
GS,Loss,SA
WAS,Win,DET
ATL,Win,UTA
BOS,Loss,OKC
MIA,Loss,IND
NY,Loss,ORL
NO,Win,LAL
DEN,Loss,POR
PHO,Win,BKN
MIN,Loss,HOU
MEM,Win,SAC
TOR,Loss,CHI
DAL,Win,PHI
GS,Win,BKN
IND,Loss,DEN
ORL,Win,MIL
ATL,Win,MIA
BOS,Loss,CLE
NY,Loss,UTA
HOU,Win,PHI
NO,Win,MIN
OKC,Loss,DET
PHO,Loss,CHA
LAL,Loss,SA
WAS,Win,ORL
CLE,Win,ATL
TOR,Win,UTA
CHI,Loss,IND
MEM,Win,DET
DAL,Win,MIN
POR,Win,BKN
SAC,Win,SA
GS,Win,CHA
LAC,Win,PHO
NY,Win,DEN
MIA,Loss,MIL
OKC,Loss,HOU
LAL,Loss,GS
CHA,Loss,DAL
CLE,Loss,DEN
BOS,Loss,PHO
BKN,Loss,MIA
DET,Loss,ORL
MEM,Win,HOU
SA,Win,PHI
POR,Win,NO
LAC,Loss,CHI
ATL,Loss,LAL
MIL,Win,NY
UTA,Win,OKC
SAC,Loss,NO
CLE,Loss,SA
IND,Win,CHA
ORL,Loss,LAC
PHI,Loss,BOS
WAS,Loss,DAL
BKN,Loss,MIL
DET,Loss,PHO
TOR,Win,MEM
MIN,Win,NY
DEN,Win,OKC
HOU,Loss,LAL
MIA,Loss,LAC
SAC,Win,CHI
CHA,Loss,ORL
PHI,Loss,PHO
ATL,Win,DET
TOR,Win,MIL
MEM,Win,BOS
MIN,Loss,SA
OKC,Loss,BKN
WAS,Win,CLE
DAL,Win,LAL
DEN,Win,NO
GS,Win,UTA
POR,Win,CHI
IND,Loss,PHO
ORL,Loss,MIA
CLE,Loss,TOR
NY,Win,PHI
HOU,Win,DAL
MIN,Loss,SAC
MIL,Loss,WAS
SA,Win,BKN
UTA,Loss,NO
MEM,Win,LAC
BOS,Loss,POR
MIA,Win,CHA
OKC,Loss,GS
LAL,Loss,DEN
CHA,Loss,LAC
CLE,Win,ORL
PHI,Loss,POR
TOR,Win,PHO
HOU,Win,NY
DAL,Loss,IND
UTA,Loss,CHI
WAS,Loss,ATL
MIA,Loss,GS
MIL,Win,DET
NO,Loss,SAC
DEN,Win,CHI
CHA,Loss,POR
CLE,Win,WAS
ORL,Loss,GS
PHI,Loss,BKN
DAL,Win,NY
ATL,Loss,TOR
DET,Loss,LAC
HOU,Win,SAC
MIN,Loss,MIL
OKC,Win,UTA
SA,Win,IND
PHO,Win,DEN
LAL,Loss,MEM
BOS,Loss,CHI
CHA,Loss,GS
ATL,Win,NO
DET,Loss,MIL
TOR,Loss,DAL
HOU,Loss,LAC
OKC,Win,NY
IND,Win,ORL
SA,Win,SAC
DEN,Win,PHO
POR,Loss,MEM
LAL,Loss,MIN
PHI,Loss,DAL
WAS,Win,NO
ATL,Win,CHA
CLE,Win,IND
UTA,Loss,LAC
MIL,Loss,HOU
BOS,Loss,SA
BKN,Loss,CHI
DET,Loss,GS
SAC,Loss,MEM
NY,Loss,MIA
PHO,Loss,ORL
POR,Win,MIN
LAL,Win,TOR
PHI,Loss,SA
WAS,Win,MIA
UTA,Loss,DEN
LAC,Win,MIN
CLE,Win,MIL
ATL,Win,BOS
DET,Loss,LAL
NY,Loss,BKN
CHI,Loss,DAL
NO,Win,OKC
DEN,Loss,POR
PHO,Win,IND
SAC,Loss,TOR
GS,Win,ORL
CHA,Loss,CHI
WAS,Win,LAL
BOS,Win,DET
BKN,Win,SA
MIA,Loss,ATL
HOU,Win,MEM
MIL,Loss,DAL
MIN,Loss,PHI
UTA,Loss,TOR
LAC,Win,ORL
NY,Loss,CLE
POR,Win,IND
GS,Win,NO
CHA,Win,NY
PHI,Loss,OKC
WAS,Win,DEN
BOS,Win,LAL
BKN,Loss,ATL
TOR,Loss,CLE
MEM,Loss,SA
MIN,Loss,HOU
DAL,Loss,PHO
MIL,Win,MIA
UTA,Loss,ORL
SAC,Win,IND
DET,Loss,PHI
CHI,Loss,GS
HOU,Win,PHO
SA,Win,MIN
SAC,Loss,ORL
LAC,Win,NO
BOS,Win,WAS
ATL,Win,DEN
MEM,Win,MIA
DET,Loss,OKC
DAL,Win,MIL
NY,Loss,POR
LAL,Loss,NO
IND,Loss,ATL
WAS,Win,BOS
BKN,Loss,CLE
TOR,Win,DEN
MIN,Loss,GS
SAC,Win,UTA
LAC,Win,PHO
CLE,Win,TOR
DET,Loss,POR
MEM,Win,DAL
NO,Win,NY
OKC,Win,MIL
PHO,Loss,MIA
UTA,Win,SA
LAL,Win,SAC
CHA,Win,BOS
IND,Loss,LAC
ORL,Loss,WAS
ATL,Win,PHI
CHI,Win,BKN
MIN,Win,POR
SA,Win,NY
DAL,Win,NO
GS,Win,HOU
DEN,Win,MIA
OKC,Win,CLE
SAC,Loss,HOU
CHI,Win,POR
WAS,Win,LAC
ATL,Win,ORL
BOS,Loss,NY
BKN,Win,PHI
TOR,Win,IND
MEM,Win,CHA
MIN,Loss,OKC
NO,Win,CLE
PHO,Loss,DET
UTA,Loss,MIA
SA,Loss,LAL
DAL,Loss,GS
CHA,Loss,BKN
IND,Loss,POR
ORL,Win,ATL
MIL,Win,LAC
PHI,Loss,MEM
HOU,Win,DEN
SAC,Loss,DET
NO,Loss,GS
MIA,Loss,CHI
WAS,Win,UTA
MIN,Loss,LAL
OKC,Win,PHO
NY,Loss,TOR
DEN,Loss,SA
CLE,Win,CHA
IND,Win,LAL
PHI,Loss,BOS
ATL,Win,CHI
TOR,Win,ORL
PHO,Loss,MIL
POR,Win,SA
LAC,Win,DET
WAS,Win,MIN
BKN,Loss,MIA
MEM,Win,GS
NO,Win,UTA
NY,Loss,DAL
SAC,Loss,OKC
CHA,Loss,PHO
CLE,Loss,ATL
BOS,Win,ORL
DET,Loss,DAL
MIA,Loss,UTA
TOR,Win,BKN
SA,Loss,MEM
POR,Win,MIL
LAC,Win,IND
DEN,Loss,HOU
CHI,Win,NY
HOU,Loss,NO
SAC,Loss,MIL
GS,Win,OKC
ORL,Loss,UTA
PHI,Loss,CHA
BOS,Win,MIN
CLE,Win,BKN
DET,Loss,TOR
MIA,Loss,WAS
MEM,Loss,CHI
SA,Loss,POR
DEN,Win,LAC
LAL,Loss,OKC
NY,Loss,PHO
NO,Loss,POR
CHA,Win,UTA
HOU,Loss,ATL
DAL,Win,SA
DEN,Win,IND
LAC,Win,MIL
TOR,Win,NY
CLE,Win,MEM
SAC,Win,LAL
BKN,Win,DET
MIA,Win,BOS
ORL,Loss,PHI
WAS,Loss,PHO
MIN,Loss,IND
OKC,Loss,NO
CHA,Win,DEN
CHI,Win,TOR
HOU,Win,POR
MEM,Loss,UTA
DAL,Loss,ATL
SA,Win,LAC
GS,Win,SAC
CLE,Win,MIN
IND,Win,NO
ORL,Win,BOS
WAS,Loss,CHI
ATL,Win,LAC
BKN,Win,DEN
MIA,Loss,PHI
MIL,Loss,CHA
OKC,Loss,POR
PHO,Win,DAL
LAL,Win,GS
NY,Loss,WAS
SA,Loss,OKC
MIA,Win,CLE
CHI,Win,LAL
LAC,Win,GS
BOS,Loss,BKN
ORL,Loss,CLE
ATL,Loss,MIL
DET,Win,IND
MEM,Loss,HOU
NO,Win,SA
OKC,Win,CHA
DAL,Win,LAL
DEN,Win,MIN
POR,Win,PHI
SAC,Loss,PHO
LAC,Loss,TOR
CHA,Loss,ORL
WAS,Win,BOS
MIA,Loss,MEM
CHI,Win,NO
BKN,Loss,IND
MIL,Loss,ATL
UTA,Win,PHI
SAC,Win,NY
GS,Win,MIN
CLE,Loss,DET
SA,Win,HOU
DAL,Win,OKC
POR,Win,NY
DEN,Loss,TOR
LAL,Loss,PHO
CHA,Loss,MIL
IND,Loss,CHI
BKN,Win,SAC
MIA,Loss,ORL
HOU,Loss,WAS
LAC,Win,UTA
ORL,Loss,DET
ATL,Win,CLE
CHI,Loss,BKN
MEM,Win,SA
NO,Win,PHO
DAL,Win,WAS
DEN,Loss,LAL
UTA,Win,MIN
POR,Win,TOR
GS,Win,PHI
BOS,Win,SAC
IND,Win,MIA
LAC,Win,NY
HOU,Win,CHA
CLE,Loss,MIL
SA,Win,NO
OKC,Win,PHO
CHI,Win,DEN
MIN,Loss,SAC
CHA,Loss,CLE
ORL,Loss,BKN
BOS,Loss,DAL
NY,Loss,DET
NO,Win,HOU
OKC,Win,WAS
MIL,Loss,IND
PHO,Win,PHI
UTA,Loss,ATL
GS,Win,TOR
LAL,Loss,MEM
ORL,Loss,CHA
CHI,Win,BOS
HOU,Win,MIA
MIN,Loss,UTA
SA,Win,WAS
DEN,Win,MEM
POR,Loss,ATL
LAC,Win,PHI
CLE,Loss,DAL
DET,Win,SAC
MIA,Win,BKN
NY,Loss,MIL
PHO,Win,TOR
LAL,Win,IND
PHI,Win,CLE
BOS,Loss,CHA
BKN,Loss,DAL
CHI,Win,HOU
MEM,Win,NY
MIN,Loss,DEN
NO,Loss,WAS
UTA,Loss,IND
POR,Win,LAL
GS,Win,OKC
LAC,Loss,ATL
MIL,Loss,PHO
SA,Loss,DET
CHA,Win,NO
CLE,Loss,HOU
PHI,Loss,MIL
WAS,Win,NY
ATL,Win,MEM
BKN,Loss,BOS
CHI,Loss,UTA
DAL,Loss,DET
DEN,Win,ORL
MIN,Loss,PHO
SAC,Win,OKC
GS,Win,IND
LAC,Win,LAL
TOR,Loss,CHA
NY,Loss,HOU
POR,Win,MIA
IND,Win,BOS
BKN,Loss,PHI
DET,Loss,ATL
NO,Win,MEM
OKC,Win,UTA
WAS,Win,CHI
MIL,Win,MIN
SA,Win,PHO
SAC,Loss,DEN
GS,Win,CLE
LAL,Win,ORL
NY,Loss,CHA
LAC,Win,DAL
DET,Win,BKN
PHI,Win,IND
TOR,Win,BOS
CHI,Win,MIL
HOU,Win,UTA
MIN,Loss,SA
POR,Win,ORL
ATL,Win,WAS
LAC,Loss,MIA
MEM,Win,PHO
SAC,Win,CLE
LAL,Loss,POR
BOS,Win,NO
BKN,Loss,HOU
TOR,Loss,DET
CHI,Loss,ORL
IND,Loss,MIN
PHI,Loss,ATL
WAS,Win,SA
PHO,Win,CLE
UTA,Loss,GS
SAC,Loss,DAL
LAL,Loss,MIA
CHA,Loss,SA
ORL,Win,HOU
BKN,Loss,MEM
DET,Loss,NO
TOR,Win,PHI
CHI,Loss,WAS
BOS,Loss,ATL
DEN,Win,DAL
GS,Win,MIA
POR,Loss,LAC
MIL,Win,NY
HOU,Win,OKC
LAL,Loss,CLE
IND,Loss,DET
ORL,Loss,MEM
PHI,Win,NO
WAS,Loss,BKN
BOS,Loss,CHI
TOR,Loss,ATL
OKC,Win,GS
DAL,Win,DEN
SA,Win,POR
PHO,Win,MIN
UTA,Win,LAL
SAC,Loss,MIA
LAC,Loss,CLE
CHA,Win,IND
DET,Win,PHI
CHI,Loss,ATL
HOU,Loss,GS
BKN,Loss,WAS
MEM,Win,POR
DEN,Loss,MIN
SAC,Loss,LAC
TOR,Loss,NO
ORL,Loss,OKC
SA,Win,UTA
CHA,Win,MIN
WAS,Win,PHI
ATL,Win,DET
LAC,Win,BOS
GS,Win,DEN
MEM,Loss,DAL
HOU,Win,IND
NY,Win,NO
CLE,Win,CHI
MIL,Loss,TOR
POR,Win,SAC
PHO,Win,LAL
MIA,Loss,OKC
DEN,Loss,SA
CHA,Win,MIA
CLE,Win,UTA
PHI,Loss,NY
ATL,Win,IND
DET,Win,ORL
MEM,Win,TOR
MIN,Loss,DAL
NO,Win,LAL
WAS,Loss,OKC
PHO,Win,POR
SAC,Loss,BKN
GS,Win,HOU
CHI,Win,SA
MIL,Loss,UTA
POR,Loss,BOS
LAC,Win,BKN
PHI,Loss,TOR
ATL,Win,OKC
CLE,Win,CHA
MIA,Win,IND
NY,Win,ORL
DAL,Loss,CHI
MIN,Loss,NO
SA,Win,LAL
DEN,Loss,BOS
PHO,Loss,HOU
GS,Win,SAC
CHA,Win,NY
MIL,Win,DET
MEM,Win,PHI
UTA,Win,BKN
POR,Win,WAS
CHI,Loss,MIA
CLE,Win,OKC
PHO,Loss,LAC
NO,Win,DAL
ATL,Win,MIN
ORL,Loss,IND
SA,Win,MIL
TOR,Win,DET
GS,Win,BOS
DEN,Loss,WAS
LAL,Loss,HOU
MEM,Win,ORL
NO,Win,PHI
OKC,Win,MIN
UTA,Loss,BOS
LAC,Win,DEN
IND,Loss,TOR
DET,Loss,CLE
MIA,Loss,MIL
DAL,Loss,MEM
GS,Loss,CHI
LAL,Loss,WAS
CLE,Win,POR
PHI,Win,DET
ATL,Win,BKN
TOR,Win,SAC
HOU,Win,DAL
MIN,Win,BOS
NO,Loss,DEN
NY,Win,OKC
SA,Win,CHA
UTA,Loss,LAC
PHO,Win,WAS
ORL,Loss,MIL
MEM,Win,DEN
IND,Win,NY
LAL,Win,CHI
PHI,Win,MIN
ATL,Win,POR
BOS,Loss,HOU
BKN,Loss,TOR
CLE,Win,SAC
NO,Win,LAC
MIA,Loss,DAL
UTA,Win,GS
PHO,Win,CHI
IND,Loss,SAC
ORL,Loss,DAL
WAS,Loss,TOR
ATL,Win,PHI
DET,Win,HOU
MEM,Win,OKC
MIN,Loss,CLE
MIL,Win,POR
DEN,Loss,CHA
SA,Loss,LAC
GS,Win,PHO
BOS,Loss,MIA
NY,Win,LAL
CLE,Win,PHI
WAS,Loss,CHA
BKN,Win,LAC
TOR,Loss,MIL
NO,Win,ATL
OKC,Win,ORL
DAL,Win,MIN
PHO,Loss,MEM
PHI,Win,DEN
DET,Win,MIA
NY,Loss,BOS
POR,Win,UTA
SAC,Loss,GS
IND,Win,DET
ATL,Win,WAS
BOS,Win,DEN
TOR,Loss,BKN
HOU,Win,CHI
MIL,Win,LAL
MIN,Win,MIA
NO,Loss,OKC
SA,Win,ORL
UTA,Loss,MEM
GS,Win,DAL
CHA,Win,WAS
CLE,Win,LAC
SAC,Loss,DAL
POR,Win,PHO
BKN,Win,NY
IND,Win,CLE
ORL,Win,LAL
ATL,Win,GS
BOS,Win,PHI
DET,Win,DEN
TOR,Win,LAC
HOU,Win,MIL
MIN,Win,MEM
OKC,Loss,NO
PHO,Win,UTA
SA,Win,MIA
NO,Loss,CHI
WAS,Win,BKN
NY,Loss,GS
PHI,Win,CHA
DAL,Win,POR
MIL,Win,BOS
UTA,Win,SAC
OKC,Win,LAC
CLE,Win,LAL
MEM,Win,ATL
CHA,Loss,IND
DET,Loss,MIN
ORL,Loss,CHI
HOU,Loss,POR
TOR,Win,SA
SAC,Win,PHO
IND,Loss,SA
PHI,Loss,GS
WAS,Win,ORL
MIA,Win,NY
MIL,Win,BKN
MIN,Loss,ATL
NO,Loss,UTA
DAL,Loss,LAC
DEN,Loss,OKC
CHA,Loss,DET
PHO,Loss,HOU
CHI,Win,SAC
MEM,Win,BKN
LAL,Loss,DEN
ORL,Win,NY
BOS,Win,ATL
DET,Loss,SA
TOR,Win,WAS
MIL,Win,SAC
MIN,Loss,GS
NO,Loss,IND
OKC,Win,MEM
CLE,Win,MIA
DAL,Win,UTA
POR,Win,LAL
LAC,Win,HOU
CHI,Win,CLE
OKC,Win,DAL
LAC,Win,SA
ORL,Win,NO
PHI,Loss,IND
ATL,Loss,TOR
DET,Win,CHI
NY,Loss,MIA
MIN,Win,PHO
WAS,Loss,CLE
DAL,Win,HOU
MIL,Win,DEN
UTA,Win,POR
SAC,Win,BOS
GS,Win,SA
LAL,Loss,BKN
CHA,Loss,OKC
MIA,Loss,NO
CHI,Win,PHO
HOU,Win,TOR
LAC,Win,SAC
NY,Loss,CLE
MIL,Loss,ATL
DET,Win,WAS
IND,Win,GS
ORL,Win,PHI
OKC,Win,DEN
DAL,Win,CHA
POR,Loss,MEM
LAL,Win,BOS
MIA,Win,PHI
CHI,Win,MIL
HOU,Win,MIN
NO,Win,TOR
DEN,Loss,BKN
PHO,Loss,BOS
UTA,Win,SA
LAC,Loss,MEM
WAS,Loss,GS
DET,Loss,CLE
OKC,Win,IND
DAL,Win,TOR
ORL,Loss,MIA
ATL,Win,DAL
BOS,Win,NY
CHI,Loss,CHA
HOU,Win,LAC
MIL,Win,PHI
MIN,Win,WAS
NO,Win,BKN
DEN,Loss,PHO
UTA,Loss,LAL
SAC,Win,MEM
POR,Win,SA
CLE,Win,GS
PHO,Win,OKC
IND,Win,CLE
PHI,Win,WAS
ATL,Win,ORL
BOS,Win,CHA
DET,Loss,NY
TOR,Loss,GS
CHI,Win,MIN
HOU,Win,BKN
MEM,Loss,LAC
NO,Win,MIA
DEN,Loss,UTA
SAC,Loss,SA
LAL,Win,MIL
POR,Win,OKC
WAS,Win,DET
MIA,Loss,ATL
NY,Win,TOR
MIN,Loss,MEM
DAL,Loss,BKN
PHO,Loss,SA
UTA,Win,MIL
CHI,Loss,LAC
LAL,Loss,OKC
SAC,Loss,POR
BOS,Loss,GS
IND,Win,PHI
ORL,Loss,CHA
HOU,Win,CLE
DEN,Loss,NO
PHI,Loss,TOR
BKN,Win,GS
MIA,Win,PHO
MIN,Loss,LAC
DAL,Win,NO
CHA,Win,LAL
CLE,Win,BOS
NY,Loss,SAC
ATL,Win,HOU
CHI,Win,WAS
MEM,Loss,UTA
DEN,Win,MIL
IND,Win,NY
ORL,Loss,PHO
BOS,Win,UTA
BKN,Loss,CHA
TOR,Loss,CLE
HOU,Loss,MEM
MIN,Loss,DEN
NO,Win,DET
OKC,Win,PHI
MIA,Win,LAL
SA,Win,SAC
GS,Win,MIL
LAC,Loss,POR
CHI,Win,OKC
POR,Win,DAL
CHA,Win,TOR
IND,Win,CHI
ORL,Win,SAC
PHI,Loss,UTA
ATL,Win,CLE
BKN,Loss,PHO
HOU,Win,DET
MEM,Win,LAL
NO,Loss,BOS
WAS,Win,MIA
SA,Win,DEN
GS,Win,DAL
NO,Win,MEM
CLE,Win,PHO
MIA,Win,SAC
NY,Loss,IND
PHI,Win,ATL
MIN,Win,POR
MIL,Win,WAS
DEN,Loss,HOU
SA,Win,CHI
GS,Win,LAC
BKN,Loss,UTA
DET,Loss,CHA
ORL,Win,BOS
OKC,Win,TOR
LAL,Loss,DAL
CHA,Loss,WAS
ATL,Win,SAC
MIA,Loss,BOS
CHI,Loss,MEM
MIL,Loss,NO
DEN,Win,NY
PHO,Loss,GS
LAC,Win,MIN
IND,Win,ORL
BKN,Loss,NO
DAL,Loss,CLE
SA,Win,TOR
UTA,Win,NY
LAL,Win,DET
CHA,Loss,SAC
PHI,Loss,CHI
BOS,Win,MEM
MIA,Win,BKN
MIL,Win,ORL
OKC,Loss,LAC
DEN,Win,ATL
PHO,Win,MIN
GS,Win,DET
POR,Win,HOU
IND,Win,MIL
WAS,Win,MEM
SA,Loss,CLE
UTA,Win,HOU
LAL,Loss,NY
CHA,Win,CHI
PHI,Win,SAC
BOS,Win,ORL
TOR,Win,MIA
OKC,Win,MIN
DAL,Win,LAC
DEN,Win,GS
PHO,Loss,ATL
POR,Win,DET
IND,Loss,BOS
WAS,Win,SAC
PHI,Loss,BKN
MEM,Win,MIL
UTA,Win,DET
GS,Win,NY
OKC,Win,CHI
LAC,Loss,HOU
NO,Loss,DEN
ORL,Loss,CLE
SA,Win,MIN
TOR,Loss,POR
PHO,Win,NY
LAL,Loss,ATL
IND,Loss,TOR
WAS,Win,POR
BOS,Win,PHI
MEM,Win,DEN
MIN,Loss,BKN
MIA,Win,CLE
DAL,Win,OKC
UTA,Win,CHA
SAC,Loss,ATL
GS,Win,LAL
DET,Win,MEM
NY,Win,SA
HOU,Win,ORL
NO,Win,MIL
LAC,Win,CHA
CLE,Win,BKN
PHI,Win,DET
MIA,Win,POR
TOR,Win,MIN
CHI,Win,IND
MIL,Loss,SA
OKC,Win,BOS
DAL,Win,ORL
SAC,Loss,LAC
GS,Win,ATL
UTA,Loss,WAS
NY,Loss,MIN
HOU,Win,DEN
PHO,Win,NO
LAL,Loss,UTA
ORL,Win,POR
PHI,Win,NY
BKN,Win,MIL
CLE,Win,IND
MIA,Win,DEN
CHI,Win,TOR
OKC,Win,ATL
DAL,Loss,MEM
SA,Win,BOS
SAC,Win,CHA
GS,Win,NO
LAC,Win,WAS
IND,Loss,BKN
DET,Win,CHI
HOU,Loss,PHO
MEM,Win,POR
GS,Win,UTA
MIL,Loss,CLE
OKC,Win,MIA
ATL,Loss,SA
LAC,Win,NO
TOR,Win,NY
SAC,Win,WAS
BOS,Loss,DET
ORL,Loss,DEN
MIN,Loss,CHA
PHO,Win,DAL
LAL,Win,PHI
IND,Loss,HOU
BKN,Loss,BOS
NY,Loss,MEM
CHI,Win,CHA
UTA,Loss,MIN
GS,Win,WAS
DET,Win,TOR
MIL,Win,MIA
OKC,Win,LAL
DAL,Win,SA
SAC,Win,PHI
POR,Loss,GS
CHA,Loss,BKN
NY,Loss,LAC
ORL,Loss,ATL
WAS,Loss,IND
BOS,Loss,MIA
TOR,Loss,CHI
MEM,Loss,CLE
MIN,Loss,LAL
NO,Loss,HOU
DEN,Loss,PHI
UTA,Loss,POR
SA,Win,OKC
PHO,Loss,SAC
MIL,Win,IND
ORL,Loss,DET
PHI,Loss,LAC
WAS,Win,CHA
ATL,Win,MIA
BKN,Win,CLE
NY,Loss,BOS
TOR,Win,LAL
HOU,Win,MIN
MEM,Loss,GS
NO,Win,SAC
SA,Win,DAL
DEN,Win,UTA
PHO,Loss,POR
CHA,Win,ATL
CHI,Win,NY
MIL,Loss,GS
UTA,Win,OKC
POR,Win,DEN
CLE,Win,PHI
BKN,Win,LAL
NO,Win,MIN
BOS,Loss,LAC
MIA,Win,DET
WAS,Loss,HOU
SA,Win,MEM
IND,Win,DAL
PHO,Loss,OKC
CHA,Loss,BOS
PHI,Loss,LAL
ATL,Win,MIL
TOR,Win,HOU
MEM,Win,SAC
MIN,Loss,UTA
POR,Win,PHO
BKN,Win,IND
DET,Win,ATL
MIA,Loss,SA
LAC,Loss,GS
CHA,Win,DET
ORL,Loss,SA
WAS,Win,PHI
BOS,Win,IND
NY,Loss,BKN
HOU,Win,SAC
MIL,Win,CHI
MIN,Loss,TOR
OKC,Loss,DAL
UTA,Win,DEN
POR,Loss,LAC
LAL,Loss,NO
CLE,Win,MIA
DAL,Loss,HOU
GS,Win,PHO
IND,Win,CHA
WAS,Win,NY
BOS,Loss,MIL
BKN,Win,TOR
CHI,Win,DET
MEM,Win,OKC
MIN,Loss,ORL
SA,Win,DEN
SAC,Loss,NO
LAL,Loss,POR
CHA,Win,PHI
ATL,Win,BKN
DET,Win,MIA
TOR,Loss,BOS
MEM,Loss,WAS
DAL,Loss,GS
MIL,Loss,ORL
DEN,Loss,LAC
PHO,Win,UTA
POR,Win,NO
OKC,Loss,HOU
CLE,Win,CHI
IND,Win,MIA
SA,Win,GS
NY,Win,PHI
SAC,Loss,UTA
LAL,Loss,LAC
BKN,Win,POR
ATL,Win,PHO
MIA,Win,CHA
NO,Win,GS
OKC,Loss,SA
SAC,Win,MIN
LAC,Win,LAL
CHA,Loss,TOR
ORL,Win,CHI
PHI,Loss,WAS
BKN,Loss,ATL
DET,Loss,BOS
NY,Loss,IND
MEM,Win,NO
MIL,Loss,CLE
SA,Win,HOU
DEN,Win,LAL
UTA,Win,SAC
DAL,Win,PHO
POR,Win,MIN
MIA,Loss,CHI
GS,Win,POR
ORL,Loss,TOR
ATL,Win,CHA
BKN,Win,WAS
CLE,Loss,BOS
DET,Loss,IND
NY,Loss,MIL
HOU,Loss,SA
NO,Win,PHO
OKC,Win,SAC
DEN,Loss,DAL
UTA,Loss,MEM
LAL,Win,MIN
ORL,Loss,NY
MIA,Loss,TOR
CHI,Win,PHI
LAC,Win,MEM
POR,Loss,UTA
GS,Win,MIN
MIL,Win,BKN
BOS,Win,CLE
DET,Win,CHA
DEN,Win,SAC
IND,Win,OKC
WAS,Win,ATL
HOU,Win,NO
SA,Win,PHO
LAL,Loss,DAL
CHA,Loss,HOU
CLE,Win,DET
PHI,Loss,MIL
ATL,Loss,NY
BKN,Loss,CHI
MIA,Win,ORL
MIN,Loss,NO
OKC,Win,POR
UTA,Win,DAL
SAC,Win,LAL
GS,Win,MEM
LAC,Win,DEN
BOS,Win,TOR
IND,Win,WAS
PHO,Loss,LAC
CHI,Win,ATL
DAL,Win,POR
HOU,Win,UTA
MEM,Win,IND
MIL,Loss,BOS
MIN,Loss,OKC
NO,Win,SA
BKN,Win,ORL
CLE,Win,WAS
NY,Loss,DET
PHI,Loss,MIA
TOR,Win,CHA
GS,Win,DEN
LAL,Loss,SAC
ATL,Loss,DET
CHI,Win,CLE
GS,Win,NO
ORL,Loss,WAS
BOS,Win,PHI
BKN,Loss,CHI
DET,Win,UTA
MIA,Win,CHA
TOR,Win,IND
HOU,Loss,DEN
MEM,Loss,CLE
MIL,Loss,NY
OKC,Win,SA
PHO,Loss,DAL
POR,Win,NO
SAC,Loss,LAC
LAL,Loss,MIN
IND,Loss,MEM
NY,Loss,ATL
LAC,Win,DAL
CLE,Win,MIA
ORL,Loss,OKC
PHI,Loss,UTA
BOS,Loss,TOR
DET,Win,CHI
ATL,Win,CHA
MIL,Loss,WAS
SA,Win,BKN
DEN,Loss,MIN
HOU,Loss,GS
SAC,Win,LAL
PHO,Win,POR
IND,Loss,UTA
WAS,Loss,NY
NO,Loss,GS
MEM,Win,BKN
POR,Loss,PHO
LAC,Win,SAC
CHA,Loss,ATL
BOS,Loss,SA
MIA,Win,HOU
TOR,Win,MIL
CHI,Win,ORL
OKC,Win,DEN
LAL,Loss,DAL
PHI,Loss,CLE
BKN,Loss,MIL
NY,Loss,SA
HOU,Win,OKC
MIN,Loss,POR
GS,Win,MEM
LAC,Win,PHO
CHA,Win,CHI
DET,Loss,IND
MIA,Loss,ATL
NO,Loss,ORL
DAL,Loss,TOR
SAC,Loss,MEM
LAL,Loss,DEN
IND,Win,BOS
WAS,Win,SA
ATL,Win,BKN
CLE,Win,NY
HOU,Win,ORL
MIL,Win,PHI
OKC,Loss,TOR
PHO,Win,SAC
UTA,Loss,POR
GS,Win,LAC
CHI,Win,OKC
MIN,Loss,MIA
DAL,Loss,CHA
DEN,Loss,UTA
POR,Win,MEM
ORL,Win,TOR
BOS,Win,WAS
BKN,Loss,LAL
CLE,Win,PHI
NY,Loss,MIL
IND,Win,MIA
NO,Loss,ATL
PHO,Loss,DET
GS,Win,DEN
SAC,Loss,HOU
CHI,Loss,MIN
PHI,Loss,ORL
ATL,Win,WAS
DAL,Win,NO
MIL,Win,BKN
SA,Win,CHA
UTA,Win,MEM
SAC,Loss,GS
LAC,Loss,HOU
CLE,Win,IND
NY,Win,LAL
MIA,Win,TOR
OKC,Win,PHO
POR,Loss,DET
IND,Win,ORL
PHI,Loss,CHI
ATL,Loss,MIN
DEN,Win,POR
SAC,Loss,SA
GS,Win,DET
LAC,Win,MEM
CLE,Win,UTA
WAS,Loss,OKC
MIA,Win,LAL
TOR,Loss,NY
MIL,Loss,BOS
MIN,Loss,CHA
NO,Win,DAL
CHA,Win,NY
ORL,Win,LAL
PHI,Loss,TOR
BOS,Loss,IND
ATL,Win,NO
DAL,Win,LAC
HOU,Loss,BKN
MEM,Loss,GS
DEN,Win,MIL
SAC,Win,DET
POR,Loss,SA
MIA,Win,UTA
MIN,Loss,GS
PHO,Win,LAC
IND,Win,MIN
ORL,Win,UTA
BOS,Win,ATL
NY,Loss,CLE
TOR,Win,NO
CHI,Win,CHA
MEM,Win,POR
OKC,Win,PHI
DAL,Win,LAL
DEN,Win,HOU
SAC,Win,BKN
LAC,Win,DET
WAS,Win,ORL
HOU,Loss,DAL
MIL,Win,CLE
SA,Win,PHI
PHO,Win,DEN
GS,Win,BKN
NY,Win,NO
MIN,Loss,MEM
CHA,Win,POR
ATL,Loss,UTA
OKC,Loss,BOS
SAC,Win,TOR
LAL,Win,DET
PHI,Loss,DAL
CHI,Win,IND
HOU,Loss,BOS
MEM,Win,OKC
SA,Win,POR
PHO,Win,LAL
WAS,Win,MIL
BKN,Win,ATL
DET,Win,CLE
MIA,Loss,MIN
NY,Win,CHA
NO,Loss,DEN
GS,Win,TOR
CHA,Win,BKN
ORL,Win,MIN
PHI,Loss,IND
BOS,Loss,DAL
ATL,Win,SAC
HOU,Win,POR
OKC,Win,NO
SA,Win,DEN
UTA,Win,TOR
PHO,Loss,CHI
MIA,Win,SAC
CLE,Win,MIL
LAC,Loss,GS
CHA,Win,PHI
BOS,Win,BKN
MEM,Win,HOU
MIN,Loss,DET
NO,Win,SA
OKC,Loss,NY
DAL,Win,UTA
DEN,Loss,PHO
POR,Win,LAC
GS,Win,CHI
LAL,Loss,TOR
ORL,Loss,SAC
IND,Win,MIL
CLE,Win,ATL
DET,Loss,WAS
HOU,Loss,NY
MIA,Win,PHI
SA,Win,MEM
LAC,Loss,TOR
BKN,Win,BOS
NO,Win,PHO
OKC,Win,DAL
DEN,Loss,GS
LAL,Loss,POR
CHA,Win,SAC
CLE,Win,ORL
MIA,Win,NY
MIL,Win,DET
MIN,Win,PHI
SA,Win,PHO
UTA,Loss,OKC
WAS,Loss,IND
ATL,Win,BOS
MEM,Win,DAL
DEN,Loss,LAC
POR,Loss,CHI
GS,Win,LAL
CHA,Win,WAS
ORL,Win,NY
BOS,Win,PHI
DET,Win,MIA
TOR,Win,CLE
HOU,Loss,MEM
MIL,Loss,SAC
MIN,Win,ATL
OKC,Win,BKN
SA,Win,DAL
PHO,Loss,NO
LAC,Loss,UTA
CHA,Loss,CLE
ORL,Win,MIL
BOS,Win,WAS
NY,Loss,MIA
HOU,Win,PHI
IND,Win,CHI
MEM,Loss,ATL
OKC,Win,DET
DEN,Loss,SA
PHO,Loss,GS
SAC,Loss,MIN
LAC,Win,NO
WAS,Loss,TOR
CLE,Win,BKN
DAL,Win,DEN
SA,Win,ATL
UTA,Win,NO
POR,Win,LAL
GS,Win,SAC
CHA,Win,MIL
LAC,Win,MIN
BKN,Win,DET
MEM,Win,PHI
ORL,Win,BOS
TOR,Loss,PHO
NY,Loss,HOU
LAL,Loss,IND
DET,Win,HOU
MIA,Loss,BOS
ATL,Win,OKC
CHI,Win,SA
MIL,Win,DEN
UTA,Loss,GS
SAC,Win,DAL
LAC,Win,POR
CLE,Loss,WAS
PHI,Win,LAL
BKN,Win,PHO
MIN,Loss,ORL
NO,Loss,MEM
POR,Loss,DAL
CHA,Loss,GS
WAS,Loss,LAL
DET,Win,PHO
NY,Win,PHI
ATL,Loss,TOR
CHI,Win,DEN
HOU,Win,NO
SA,Win,MIL
LAC,Loss,IND
MIA,Win,OKC
TOR,Loss,DEN
UTA,Loss,ORL
MEM,Loss,SA
POR,Win,IND
SAC,Loss,BOS
NY,Win,BKN
WAS,Win,PHO
DET,Win,MIL
ATL,Win,LAL
DAL,Loss,HOU
NO,Win,CLE
PHI,Loss,DEN
TOR,Loss,GS
CHI,Loss,CHA
HOU,Win,SAC
MIA,Win,CLE
MIN,Loss,POR
MIL,Win,NY
SA,Win,BOS
UTA,Win,IND
LAC,Win,ORL
MEM,Win,PHO
BKN,Loss,GS
DET,Win,LAL
WAS,Loss,DAL
OKC,Win,SAC
CHA,Win,DET
PHI,Loss,SA
MIA,Loss,WAS
NY,Loss,DAL
TOR,Win,LAL
CHI,Loss,PHO
MIL,Win,POR
MIN,Loss,LAC
NO,Loss,BOS
CLE,Win,POR
IND,Loss,GS
BKN,Win,HOU
MEM,Loss,OKC
DEN,Loss,ORL
SAC,Win,UTA
BOS,Win,CHI
CHA,Win,MIA
WAS,Loss,HOU
DET,Loss,MEM
TOR,Win,SA
MIL,Loss,LAC
MIN,Win,LAL
PHO,Win,ORL
UTA,Win,NY
DAL,Loss,ATL
BKN,Win,PHI
CHI,Win,LAC
OKC,Win,ATL
SAC,Win,NY
IND,Win,MIA
ORL,Loss,CLE
PHI,Loss,DET
BOS,Loss,GS
TOR,Win,MIL
MEM,Loss,CHA
NO,Win,WAS
DEN,Win,MIN
UTA,Loss,OKC
PHO,Loss,POR
SA,Win,LAL
BKN,Loss,LAC
CHA,Loss,BOS
DET,Win,IND
ATL,Loss,SA
CHI,Win,NO
HOU,Win,LAL
DAL,Loss,WAS
MIL,Win,GS
POR,Loss,NY
PHO,Win,MIN
MIA,Win,MEM
TOR,Win,PHI
OKC,Win,UTA
IND,Win,TOR
BKN,Loss,ORL
DET,Loss,LAC
ATL,Loss,MIA
CHI,Win,PHI
MEM,Win,WAS
DAL,Win,PHO
SA,Win,UTA
DEN,Win,HOU
POR,Win,NO
BOS,Loss,CLE
MIN,Loss,DEN
SAC,Win,HOU
LAL,Win,MIL
IND,Win,DAL
ORL,Win,CHA
BKN,Loss,MIA
DET,Win,BOS
NY,Win,MIN
ATL,Win,PHI
CHI,Win,MEM
OKC,Win,POR
SA,Win,WAS
UTA,Loss,NO
GS,Win,PHO
LAC,Win,MIL
CHA,Win,TOR
CLE,Win,OKC
LAL,Loss,HOU
IND,Win,BKN
ORL,Win,POR
PHI,Loss,NY
BOS,Loss,ATL
CHI,Loss,DET
MIA,Loss,TOR
MIN,Win,SAC
SA,Win,LAC
DAL,Win,MEM
UTA,Win,DEN
GS,Win,MIL
PHO,Win,NO
OKC,Win,LAL
WAS,Win,CHA
NY,Win,CHI
HOU,Win,LAC
MEM,Win,IND
BKN,Loss,MIN
MIA,Win,POR
CLE,Win,PHI
PHO,Loss,MIL
ORL,Loss,ATL
TOR,Loss,SAC
DEN,Loss,NO
WAS,Win,SAC
BOS,Win,MIN
NY,Loss,ORL
ATL,Win,POR
CHI,Loss,BKN
HOU,Win,CHA
SA,Win,IND
UTA,Win,PHO
LAC,Loss,OKC
PHI,Loss,MEM
MIA,Loss,DET
TOR,Win,DAL
DEN,Loss,LAL
CHA,Loss,BOS
CLE,Win,NY
IND,Loss,SAC
ORL,Win,HOU
WAS,Win,MEM
BKN,Loss,DAL
ATL,Win,DET
MIL,Win,PHI
MIN,Loss,SA
NO,Win,POR
PHO,Loss,DEN
GS,Win,UTA
LAL,Loss,OKC
MIA,Win,NO
OKC,Loss,CHI
GS,Win,CLE
HOU,Win,SA
LAL,Loss,LAC
BKN,Loss,WAS
MIL,Loss,TOR
CHA,Win,MEM
NO,Win,HOU
ORL,Loss,MIA
ATL,Win,NY
DET,Loss,BOS
MIN,Loss,IND
DAL,Win,CHI
SA,Win,DEN
PHO,Loss,PHI
UTA,Loss,LAC
POR,Win,CLE
MEM,Win,LAL
BOS,Win,NY
OKC,Win,DEN
SAC,Loss,POR
CHA,Win,LAL
IND,Win,ATL
ORL,Win,NO
WAS,Loss,LAC
MIA,Loss,BKN
CHI,Win,TOR
DAL,Win,MIL
SA,Win,MIN
PHO,Loss,CLE
UTA,Win,PHI
GS,Win,SAC
NY,Win,DET
HOU,Loss,ATL
MEM,Win,MIA
OKC,Win,MIL
DEN,Loss,CLE
CHA,Loss,LAC
ORL,Win,BKN
BOS,Loss,LAL
TOR,Win,WAS
CHI,Win,IND
MIN,Win,UTA
DAL,Win,GS
SA,Win,PHO
POR,Win,DEN
SAC,Loss,PHI
DET,Win,MIN
IND,Loss,MIL
HOU,Loss,GS
NO,Loss,LAC
OKC,Win,PHO
UTA,Win,POR
WAS,Win,ORL
MIA,Win,DAL
TOR,Win,CHA
CHI,Win,NY
LAL,Win,PHI
BOS,Loss,BKN
SAC,Win,PHO
CHA,Loss,OKC
IND,Win,DET
CLE,Win,ORL
MIN,Loss,MIL
DAL,Loss,NO
SA,Win,HOU
UTA,Win,MEM
GS,Win,DEN
LAC,Win,PHI
NY,Win,ATL
TOR,Loss,CHI
WAS,Loss,MIA
DEN,Loss,POR
LAL,Win,PHO
CLE,Win,TOR
PHI,Win,MIN
BKN,Loss,BOS
DET,Win,ORL
MIA,Win,IND
MIL,Loss,SA
OKC,Loss,SAC
UTA,Loss,HOU
POR,Loss,MEM
GS,Win,CHA
ATL,Loss,NY
CHI,Win,MIL
DAL,Win,SAC
LAL,Loss,GS
MIA,Loss,NY
ORL,Loss,IND
WAS,Loss,CLE
BOS,Loss,DET
BKN,Loss,TOR
MIN,Loss,DEN
NO,Loss,DAL
SA,Win,UTA
PHO,Win,CHA
OKC,Win,MEM
POR,Loss,LAC
PHI,Loss,ATL
CHI,Win,BOS
HOU,Win,UTA
SAC,Win,LAL
WAS,Loss,TOR
BKN,Loss,ORL
MEM,Win,DEN
MIL,Win,DAL
MIN,Loss,CLE
NO,Loss,IND
SA,Win,NY
PHO,Loss,MIA
POR,Loss,GS
LAL,Loss,OKC
LAC,Win,CHA
ATL,Win,CHI
ORL,Loss,WAS
DET,Win,BKN
PHI,Loss,TOR
UTA,Win,MIA
SAC,Loss,GS
LAC,Win,NO
MIN,Loss,DAL
MEM,Win,BOS
PHI,Loss,CLE
HOU,Win,IND
NY,Win,MIL
DEN,Win,CHA
POR,Win,OKC
LAL,Loss,UTA
BKN,Loss,SA
CHI,Loss,WAS
GS,Win,MIA
IND,Win,PHO
DET,Loss,SA
NY,Win,BOS
MEM,Loss,HOU
MIL,Win,CHI
MIN,Loss,OKC
DAL,Loss,CLE
LAL,Win,NO
CHA,Win,ATL
WAS,Win,MIL
BKN,Win,NY
BOS,Win,IND
HOU,Win,MIN
OKC,Win,DAL
DEN,Win,GS
POR,Win,UTA
SAC,Loss,NO
LAC,Win,MIA
ORL,Loss,TOR
PHI,Loss,CHI
MEM,Win,DET
SA,Win,CLE
UTA,Loss,SAC
GS,Win,LAL
IND,Loss,WAS
OKC,Win,MIN
BOS,Win,PHO
BKN,Loss,POR
CHI,Loss,DAL
MIL,Win,ATL
NO,Win,CHA
DEN,Loss,MIA
HOU,Loss,CLE
CHA,Loss,MIL
WAS,Loss,BOS
ATL,Win,BKN
DET,Win,GS
PHI,Win,POR
MEM,Win,NY
UTA,Win,LAL
LAC,Loss,SAC
MIN,Win,PHO
OKC,Win,MIA
SA,Win,DAL
DEN,Win,IND
LAL,Loss,HOU
NY,Win,PHI
CHA,Win,UTA
WAS,Loss,POR
MEM,Win,NO
DET,Loss,CHI
ATL,Win,ORL
TOR,Win,BKN
CLE,Loss,GS
DAL,Win,BOS
LAC,Win,HOU
MIA,Loss,MIL
NO,Win,MIN
DEN,Loss,OKC
PHO,Loss,IND
ORL,Loss,PHI
WAS,Win,MIA
BKN,Loss,CLE
NY,Win,UTA
TOR,Win,BOS
CHI,Loss,GS
HOU,Loss,DET
OKC,Win,CHA
DAL,Win,MIN
LAL,Loss,SAC
POR,Loss,ATL
CLE,Win,LAC
NO,Win,DET
DEN,Loss,MEM
SAC,Win,ATL
PHO,Loss,SA
ORL,Loss,CHA
BOS,Win,CHI
BKN,Loss,UTA
NY,Loss,LAC
HOU,Win,MIL
TOR,Win,MIA
DAL,Loss,OKC
GS,Win,IND
LAL,Loss,SA
CHA,Win,NY
NO,Win,MIL
MIN,Win,MEM
CLE,Loss,CHI
PHO,Win,ATL
DEN,Win,DET
POR,Win,LAL
SAC,Win,IND
BKN,Win,OKC
HOU,Win,DAL
TOR,Win,LAC
PHI,Loss,BOS
CLE,Win,MIN
WAS,Loss,BOS
CHI,Loss,MIA
MEM,Win,ORL
NO,Loss,HOU
DEN,Loss,ATL
UTA,Loss,DET
SAC,Loss,CHA
GS,Win,SA
IND,Loss,LAC
PHI,Win,PHO
BKN,Loss,MIA
NY,Loss,OKC
TOR,Win,WAS
MIL,Win,ORL
POR,Win,SAC
LAL,Loss,DAL
CLE,Win,PHO
BOS,Win,DEN
DET,Win,PHI
ATL,Loss,LAC
MIN,Loss,OKC
SA,Win,HOU
UTA,Win,CHA
GS,Win,DAL
IND,Win,ATL
WAS,Loss,DEN
MEM,Win,MIL
NO,Win,SAC
TOR,Win,NY
LAL,Loss,CHI
BOS,Win,ORL
DET,Loss,CLE
NY,Win,PHO
MIL,Loss,MIA
OKC,Win,HOU
DAL,Win,BKN
UTA,Win,MIN
POR,Win,CHA
LAC,Win,LAL
PHI,Loss,GS
TOR,Win,DET
IND,Win,DEN
NO,Win,BKN
HOU,Loss,WAS
MEM,Win,SAC
CLE,Win,SA
LAC,Win,CHI
MIA,Win,ATL
ORL,Win,BOS
DAL,Win,PHO
NY,Loss,GS
POR,Win,MIN
LAL,Loss,CHA
IND,Loss,CLE
BKN,Loss,DET
ATL,Win,DAL
NO,Loss,MEM
OKC,Win,WAS
SA,Win,ORL
DEN,Win,TOR
UTA,Win,CHI
SAC,Win,MIL
NY,Loss,BOS
HOU,Win,MIA
PHO,Loss,TOR
POR,Win,MIL
LAL,Win,MIN
CHA,Win,CLE
PHI,Loss,ATL
BOS,Win,DET
BKN,Loss,IND
OKC,Win,ORL
WAS,Loss,GS
DAL,Loss,MIA
SA,Win,NO
UTA,Win,DEN
SAC,Loss,CHI
LAC,Loss,MIN
DET,Win,NY
NO,Loss,LAL
POR,Loss,TOR
PHO,Loss,HOU
ATL,Win,IND
CHA,Loss,MIA
ORL,Loss,LAC
WAS,Win,PHI
BKN,Win,SAC
CLE,Loss,BOS
NY,Loss,MEM
DEN,Win,CHI
UTA,Win,MIL
DAL,Loss,SA
HOU,Loss,POR
CHA,Win,WAS
IND,Win,DET
CLE,Win,NO
PHI,Win,BKN
MEM,Loss,DAL
MIN,Win,CHI
SA,Win,LAL
GS,Win,OKC
PHO,Loss,UTA
BOS,Win,SAC
NY,Loss,DEN
ORL,Win,ATL
MIA,Loss,LAC
CHA,Win,CHI
CLE,Win,SAC
IND,Win,LAL
PHI,Loss,LAC
BKN,Win,DEN
DET,Loss,TOR
ATL,Loss,ORL
MEM,Loss,POR
MIN,Loss,NO
PHO,Loss,OKC
MIA,Loss,SA
MIL,Win,BOS
NY,Loss,WAS
DAL,Loss,UTA
GS,Win,HOU
IND,Loss,CHA
ORL,Loss,SA
PHI,Loss,SAC
BOS,Win,LAC
BKN,Loss,MEM
DET,Loss,DEN
CHI,Loss,ATL
CLE,Win,LAL
MIN,Win,TOR
NO,Win,UTA
PHO,Loss,GS
POR,Win,HOU
MIL,Win,WAS
OKC,Win,NO
WAS,Win,UTA
CLE,Win,CHI
LAC,Win,SA
ORL,Win,DAL
WAS,Win,DET
BKN,Win,NY
ATL,Loss,MIA
CHI,Win,TOR
MEM,Win,MIN
MIL,Loss,CHA
NO,Win,PHI
OKC,Loss,IND
PHO,Loss,HOU
POR,Win,GS
SAC,Win,DEN
LAL,Loss,SA
UTA,Win,BOS
ATL,Loss,MIL
MIA,Win,WAS
MIN,Loss,NY
LAC,Loss,GS
DET,Loss,NO
OKC,Loss,CLE
DEN,Loss,BOS
PHO,Loss,SA
BKN,Loss,CHA
ORL,Loss,IND
TOR,Win,MEM
DAL,Win,PHI
CHI,Win,LAL
POR,Win,UTA
CLE,Loss,DET
MIA,Win,IND
NY,Loss,TOR
ATL,Loss,GS
MIL,Win,LAL
MIN,Win,BOS
LAC,Win,PHO
PHI,Loss,ORL
WAS,Win,NO
DEN,Loss,SAC
UTA,Win,HOU
POR,Win,BKN
CLE,Win,CHA
IND,Win,NY
DET,Win,PHI
MIA,Loss,GS
TOR,Win,MIN
CHI,Win,WAS
MEM,Win,LAL
DAL,Loss,OKC
LAC,Loss,DEN
SAC,Loss,SA
ORL,Loss,GS
BOS,Win,MIL
NO,Win,OKC
PHO,Loss,BKN
POR,Loss,HOU
UTA,Loss,SA
IND,Loss,CHA
PHI,Loss,WAS
NY,Win,ORL
TOR,Win,CLE
ATL,Win,CHI
DAL,Win,DEN
SAC,Loss,LAC
LAL,Loss,MEM
BOS,Win,MIA
NO,Loss,MIN
CHI,Loss,POR
HOU,Loss,SA
MIL,Loss,DET
OKC,Loss,GS
PHO,Win,MEM
UTA,Loss,BKN
WAS,Win,CLE
ATL,Win,CHA
DET,Win,TOR
IND,Loss,POR
ORL,Win,PHI
DAL,Win,MIN
NY,Loss,MIA
CLE,Win,IND
WAS,Win,PHI
BOS,Win,UTA
MIL,Win,HOU
DEN,Loss,MEM
SAC,Loss,OKC
LAC,Win,BKN
CHA,Win,PHO
MIA,Win,CHI
NY,Loss,POR
DAL,Win,ORL
GS,Win,ATL
LAL,Win,BKN
ORL,Win,CHI
PHI,Loss,CHA
BOS,Win,POR
TOR,Win,UTA
HOU,Win,NO
MEM,Win,SAC
MIL,Loss,IND
MIN,Loss,WAS
SA,Win,DET
DEN,Win,LAL
LAC,Win,OKC
MIA,Win,PHO
NO,Loss,SA
DAL,Loss,SAC
GS,Win,OKC
CHA,Win,IND
ORL,Loss,PHO
PHI,Loss,MIA
BOS,Win,NY
TOR,Win,POR
CLE,Win,WAS
MEM,Win,UTA
MIL,Win,MIN
DEN,Loss,BKN
LAL,Loss,ATL
CLE,Win,BOS
NO,Loss,UTA
NY,Win,DET
WAS,Loss,IND
MIN,Win,BKN
CHI,Win,HOU
SA,Win,SAC
LAC,Loss,ATL
LAL,Win,GS
MIL,Loss,OKC
MEM,Loss,PHO
DEN,Win,DAL
DET,Win,POR
MIA,Win,PHI
TOR,Loss,HOU
CHA,Win,MIN
CLE,Loss,MEM
IND,Win,SA
CHI,Win,MIL
NO,Win,SAC
DAL,Loss,LAC
GS,Win,ORL
TOR,Win,BKN
MIN,Loss,SA
DEN,Win,NY
UTA,Loss,ATL
POR,Win,WAS
LAL,Win,ORL
CHA,Win,NO
MIL,Win,MIA
PHI,Loss,HOU
BOS,Win,MEM
DAL,Loss,DET
OKC,Win,LAC
PHO,Loss,NY
SAC,Loss,CLE
GS,Win,UTA
TOR,Win,ATL
SA,Win,CHI
DEN,Win,PHO
LAL,Loss,CLE
CHA,Win,DET
PHI,Win,BKN
BOS,Loss,HOU
CHI,Loss,MIA
MEM,Win,NO
OKC,Loss,MIN
UTA,Win,WAS
SAC,Loss,ORL
GS,Win,POR
LAC,Win,NY
DAL,Loss,IND
CHA,Win,HOU
PHI,Loss,DET
TOR,Win,MIA
ATL,Win,MEM
MIL,Win,NO
SA,Win,OKC
DEN,Win,WAS
GS,Win,PHO
POR,Win,ORL
LAC,Loss,CLE
ATL,Win,IND
SAC,Loss,UTA
BKN,Loss,MIL
LAL,Loss,NY
CHA,Loss,DAL
WAS,Win,DET
MIA,Win,DEN
TOR,Loss,CHI
HOU,Win,MEM
OKC,Win,POR
UTA,Win,CLE
PHO,Win,MIN
GS,Win,NO
IND,Win,BOS
ORL,Win,DEN
BKN,Win,PHI
MIL,Loss,TOR
SA,Win,LAC
LAL,Loss,SAC
BOS,Loss,OKC
CHA,Win,ORL
CLE,Win,DAL
WAS,Win,CHI
DET,Loss,ATL
MEM,Loss,MIN
HOU,Loss,LAC
SAC,Loss,NO
GS,Win,NY
IND,Loss,TOR
PHI,Loss,WAS
MIA,Loss,CHA
ATL,Win,DEN
CHI,Win,BKN
MIL,Win,MEM
SA,Win,POR
UTA,Win,PHO
ORL,Loss,CLE
PHI,Loss,OKC
DET,Win,SAC
TOR,Win,BOS
HOU,Win,MIN
NO,Loss,POR
DAL,Loss,GS
LAL,Loss,PHO
CHA,Loss,DEN
DET,Win,BKN
IND,Loss,OKC
WAS,Win,NY
ATL,Win,HOU
MIA,Win,CLE
CHI,Win,UTA
MEM,Win,LAC
SA,Win,GS
DAL,Win,POR
TOR,Win,ORL
NO,Win,LAC
PHI,Loss,BOS
MIL,Loss,UTA
NY,Loss,SAC
CHA,Win,SA
CLE,Win,DEN
IND,Win,PHI
BOS,Win,ORL
DET,Win,MIL
ATL,Loss,WAS
CHI,Win,SAC
MIN,Loss,GS
PHO,Loss,MEM
BKN,Loss,CHA
NO,Loss,MIA
OKC,Win,HOU
LAL,Win,MEM
WAS,Loss,ATL
BOS,Win,TOR
DET,Win,ORL
CHI,Loss,NY
CLE,Win,MIL
HOU,Loss,UTA
MIN,Win,SAC
SA,Win,MIA
DEN,Win,PHI
PHO,Win,LAL
GS,Win,LAC
POR,Win,DAL
IND,Win,NO
BKN,Win,CLE
NY,Win,CHI
OKC,Win,UTA
LAC,Win,POR
WAS,Loss,MIN
DET,Win,CHA
ATL,Win,MIL
HOU,Win,TOR
MIA,Win,ORL
SA,Win,MEM
SAC,Win,PHO
GS,Win,DAL
LAL,Loss,DEN
BKN,Win,IND
NO,Loss,TOR
ORL,Win,CHI
DET,Loss,ATL
NY,Loss,CLE
MIN,Loss,UTA
OKC,Win,SA
MIL,Loss,CHA
PHO,Loss,BOS
POR,Win,PHI
LAC,Win,DEN
IND,Win,HOU
SAC,Win,DAL
GS,Win,PHI
LAL,Loss,WAS
MIA,Win,BKN
TOR,Loss,OKC
CHI,Loss,ATL
MEM,Loss,SA
MIN,Win,PHO
NO,Win,NY
DEN,Loss,DAL
UTA,Win,LAL
POR,Win,SAC
LAC,Win,BOS
IND,Loss,CHI
ORL,Win,BKN
PHI,Loss,CHA
DET,Win,OKC
CLE,Loss,HOU
GS,Win,WAS
TOR,Win,ATL
MEM,Loss,DEN
MIL,Win,PHO
MIN,Loss,LAC
DAL,Win,NY
SA,Win,NO
UTA,Loss,GS
SAC,Win,WAS
LAL,Win,MIA
CLE,Win,BKN
HOU,Loss,CHI
IND,Loss,ORL
NO,Win,DEN
OKC,Win,LAC
POR,Win,BOS
CHA,Win,PHI
DET,Loss,DAL
NY,Win,BKN
ATL,Loss,CLE
MEM,Loss,TOR
MIL,Win,ORL
UTA,Win,MIN
SAC,Loss,MIA
GS,Loss,BOS
PHO,Loss,WAS
PHI,Loss,IND
CHI,Loss,DET
SA,Win,TOR
DEN,Loss,SAC
POR,Win,MIA
BKN,Loss,NO
CLE,Win,CHA
HOU,Win,OKC
LAC,Win,WAS
MIN,Loss,DAL
ORL,Win,MEM
PHO,Loss,UTA
MIL,Loss,CHI
NY,Loss,IND
GS,Win,POR
LAL,Loss,BOS
PHI,Win,NO
MIA,Win,DET
TOR,Win,CHA
ATL,Win,PHO
MEM,Win,CHI
MIL,Loss,CLE
DEN,Loss,OKC
UTA,Loss,SA
SAC,Loss,POR
GS,Loss,MIN
LAC,Win,LAL
IND,Win,CLE
ORL,Loss,DET
WAS,Win,BKN
BOS,Win,NO
NY,Loss,CHA
DAL,Win,HOU
POR,Win,OKC
LAL,Loss,LAC
ATL,Win,TOR
HOU,Loss,PHO
MIA,Win,CHI
SAC,Loss,MIN
GS,Win,SA
CHA,Win,BKN
ORL,Win,MIA
PHI,Loss,NY
BOS,Win,MIL
DET,Win,WAS
TOR,Win,IND
NO,Win,LAL
DAL,Win,MEM
DEN,Win,SA
UTA,Loss,LAC
NO,Loss,PHO
ATL,Win,BOS
MEM,Loss,GS
CHI,Win,CLE
POR,Loss,MIN
SAC,Win,OKC
WAS,Win,CHA
HOU,Win,LAL
LAC,Win,DAL
DEN,Loss,UTA
PHI,Loss,MIL
IND,Win,BKN
MIA,Win,ORL
SA,Loss,GS
NY,Loss,TOR
CLE,Win,ATL
ORL,Win,MIL
BOS,Loss,CHA
BKN,Loss,WAS
MIN,Loss,HOU
NO,Loss,CHI
OKC,Win,LAL
UTA,Loss,DAL
PHO,Loss,SAC
IND,Win,NY
DET,Loss,MIA
TOR,Win,PHI
SA,Win,OKC
LAC,Win,MEM
BOS,Win,MIA
BKN,Loss,TOR
CHI,Win,PHI
CHA,Win,ORL
CLE,Loss,DET
DAL,Loss,SA
HOU,Win,SAC
MIL,Loss,IND
MIN,Win,NO
WAS,Win,ATL
GS,Win,MEM
LAL,Win,UTA
PHO,Win,LAC
POR,Win,DEN
CLE,Win,NY
POR,Win,UTA
GS,Loss,SA
IND,Win,DAL
ORL,Loss,MIA
BOS,Win,BKN
TOR,Win,DET
MEM,Win,MIN
MIL,Loss,CHA
NO,Loss,DEN
PHI,Loss,OKC
PHO,Loss,SAC
LAL,Win,HOU
ATL,Win,WAS
CHI,Win,BOS
POR,Loss,LAC
SAC,Loss,SA
TOR,Loss,CLE
BKN,Win,IND
DET,Win,ORL
MIA,Loss,CHA
OKC,Win,PHO
DAL,Loss,HOU
UTA,Win,LAL
NO,Loss,GS
PHI,Loss,ATL
CHA,Loss,BOS
CLE,Win,ORL
NY,Win,MEM
CHI,Win,IND
MIL,Win,BKN
SA,Win,NO
DEN,Loss,POR
SAC,Win,MIN
LAC,Win,UTA
DET,Win,MIL
MIA,Loss,SA
PHO,Loss,GS
MEM,Win,WAS
OKC,Win,LAL
HOU,Win,DAL
ATL,Win,SAC
BKN,Loss,CHI
TOR,Win,DEN
LAC,Win,PHO
CLE,Win,HOU
IND,Win,LAL
PHI,Loss,ORL
DET,Win,NY
MIA,Win,SAC
MIN,Win,MEM
NO,Loss,MIL
SA,Loss,UTA
POR,Loss,GS
CHA,Win,PHI
WAS,Loss,TOR
ATL,Loss,LAL
BKN,Win,DET
NY,Loss,HOU
BOS,Win,CHI
MEM,Win,NO
UTA,Win,DAL
PHO,Win,POR
LAC,Loss,OKC
ORL,Win,SAC
CLE,Win,BOS
MIL,Win,IND
MIN,Loss,DEN
GS,Win,OKC
WAS,Win,ATL
BKN,Loss,CHA
TOR,Win,MIA
CHI,Loss,NY
MEM,Loss,LAC
NO,Loss,PHO
DAL,Loss,POR
UTA,Loss,SA
LAL,Win,GS
OKC,Win,MIN
DET,Win,DEN
IND,Win,CHI
ORL,Win,WAS
PHI,Loss,CLE
ATL,Win,HOU
MIL,Win,SAC
SA,Loss,LAC
MEM,Loss,POR
TOR,Loss,SAC
DAL,Win,MIL
BOS,Loss,DEN
LAL,Win,PHO
NY,Loss,UTA
CHA,Win,IND
PHI,Loss,UTA
WAS,Loss,HOU
CHI,Win,ORL
OKC,Win,MIA
GS,Win,NO
LAC,Win,DET
CLE,Loss,ATL
BKN,Win,MIN
MEM,Win,DEN
POR,Win,PHO
LAL,Loss,DAL
SAC,Win,NO
CHA,Win,UTA
IND,Win,PHI
NY,Win,BKN
ORL,Loss,MIN
WAS,Win,BOS
ATL,Win,CHI
OKC,Loss,TOR
PHO,Win,DET
SA,Loss,HOU
GS,Win,DAL
LAC,Win,POR
MIA,Loss,CHI
MIL,Loss,NO
DEN,Loss,GS
SAC,Loss,LAL
CHA,Loss,TOR
ORL,Loss,UTA
PHI,Win,IND
WAS,Loss,CLE
BOS,Win,NY
OKC,Loss,LAC
SA,Win,DET
POR,Win,SAC
IND,Loss,BOS
NO,Loss,LAL
ATL,Win,PHI
TOR,Win,NY
CHI,Win,WAS
HOU,Loss,SA
MIA,Loss,UTA
MIN,Loss,LAC
MIL,Win,MEM
DEN,Loss,DET
PHO,Loss,BKN
CLE,Win,CHA
MIN,Win,LAL
OKC,Loss,ORL
GS,Win,PHO
POR,Win,DEN
IND,Win,ORL
DET,Win,OKC
NY,Win,DAL
HOU,Win,PHI
NO,Win,BOS
SA,Win,MIA
UTA,Loss,MEM
LAC,Win,BKN
CLE,Win,TOR
MIA,Loss,ATL
MIN,Loss,CHA
POR,Loss,CHI
LAL,Win,BKN
IND,Win,CLE
ORL,Win,NO
PHI,Win,WAS
ATL,Win,MIL
BOS,Win,DAL
NY,Win,DET
OKC,Win,HOU
TOR,Loss,GS
DEN,Win,PHO
LAC,Loss,MEM
SAC,Loss,SA
WAS,Win,NY
MIA,Win,MIL
HOU,Win,POR
MIN,Win,PHI
UTA,Loss,CHI
CHA,Win,ATL
IND,Loss,PHO
CLE,Win,DET
BOS,Loss,GS
NO,Win,POR
OKC,Win,BKN
DAL,Loss,MEM
DEN,Loss,TOR
LAL,Loss,SA
SAC,Loss,LAC
HOU,Win,UTA
DET,Loss,BOS
NO,Win,CHA
ORL,Win,DAL
WAS,Loss,MIA
PHI,Win,PHO
MEM,Win,MIN
MIL,Loss,GS
LAC,Win,CHI
NY,Win,ATL
BKN,Loss,POR
OKC,Loss,IND
DEN,Win,UTA
SAC,Win,TOR
LAL,Loss,CHI
CHA,Loss,MEM
IND,Loss,GS
PHI,Win,MIA
WAS,Win,PHO
DET,Loss,HOU
MIL,Win,ORL
MIN,Loss,BOS
SA,Win,DAL
LAC,Win,TOR
ATL,Loss,NO
NY,Win,POR
DEN,Win,CHI
LAL,Win,OKC
CHA,Loss,SA
CLE,Win,POR
IND,Loss,ATL
ORL,Loss,PHO
PHI,Loss,MEM
BKN,Loss,BOS
DET,Win,MIA
HOU,Loss,TOR
DAL,Loss,LAC
UTA,Win,DEN
NO,Win,MIN
GS,Win,LAL
SAC,Win,OKC
BOS,Loss,SA
ORL,Loss,WAS
CLE,Win,DAL
DET,Win,LAC
NY,Win,CHA
PHI,Loss,CHI
IND,Win,BKN
MEM,Loss,MIA
MIL,Loss,TOR
UTA,Win,ATL
DEN,Loss,OKC
PHO,Loss,MIN
POR,Win,NO
LAL,Loss,GS
SAC,Loss,HOU
CHA,Win,NY
WAS,Loss,SA
MIA,Loss,MEM
OKC,Win,DET
GS,Win,MIN
PHI,Loss,CLE
PHO,Loss,DEN
BKN,Loss,SAC
IND,Win,LAC
ORL,Loss,MIL
DAL,Win,NO
POR,Loss,HOU
LAL,Win,ATL
WAS,Win,SAC
MIA,Loss,BOS
NY,Loss,OKC
TOR,Win,PHI
MEM,Loss,CHA
MIN,Loss,UTA
GS,Win,ATL
CHA,Loss,DET
BKN,Win,LAC
MIL,Win,CLE
NO,Win,LAL
SA,Loss,ORL
UTA,Win,HOU
BOS,Loss,DET
TOR,Win,MEM
CHI,Loss,LAL
MIN,Loss,NY
OKC,Win,WAS
DAL,Loss,SA
DEN,Loss,MIA
PHO,Win,ATL
POR,Win,IND
CHA,Win,DAL
BKN,Loss,MIL
CLE,Loss,LAC
MEM,Win,ORL
UTA,Loss,MIA
GS,Loss,HOU
PHI,Loss,ORL
BOS,Win,SAC
NY,Win,MIN
TOR,Win,LAL
ATL,Loss,DET
CHI,Win,CLE
NO,Loss,LAC
SA,Win,WAS
DEN,Loss,HOU
MIL,Win,BKN
CHA,Loss,MIN
PHI,Loss,BOS
TOR,Win,ATL
MEM,Win,LAL
DAL,Win,CHI
UTA,Win,DEN
POR,Win,MIA
GS,Win,PHO
DET,Loss,ORL
OKC,Win,NO
NY,Win,SAC
LAC,Loss,IND
PHI,Loss,DEN
ATL,Loss,OKC
BKN,Loss,WAS
TOR,Loss,CLE
CHI,Loss,POR
HOU,Win,BOS
MIL,Loss,SA
NO,Loss,MEM
DAL,Loss,CHA
GS,Win,IND
LAL,Loss,UTA
WAS,Loss,ORL
DET,Win,CHI
MIA,Loss,NY
MEM,Win,PHI
MIN,Loss,SA
UTA,Win,PHO
CHA,Win,DET
ORL,Loss,BOS
ATL,Win,MIA
BKN,Win,DEN
HOU,Win,LAL
MIL,Win,POR
NY,Loss,CLE
DAL,Loss,SAC
PHO,Loss,IND
LAC,Loss,GS
TOR,Win,MIN
WAS,Win,DEN
MEM,Win,POR
NO,Loss,PHI
UTA,Loss,GS
CHI,Win,SA
CHA,Win,ORL
BOS,Loss,TOR
CLE,Win,MIA
MIL,Loss,ATL
MIN,Loss,DET
OKC,Loss,HOU
DAL,Win,IND
LAL,Loss,PHO
SAC,Loss,NY
IND,Win,POR
ORL,Loss,DEN
WAS,Win,MIL
CLE,Win,CHA
CHI,Win,MIA
HOU,Win,DAL
MEM,Win,GS
SA,Win,BKN
UTA,Win,SAC
LAC,Win,NO
DET,Loss,PHI
MIN,Loss,GS
OKC,Win,BOS
PHO,Loss,NO
LAL,Loss,NY
IND,Win,CHA
MIA,Win,WAS
TOR,Win,MIL
HOU,Win,BKN
DAL,Win,DEN
LAC,Win,POR
SAC,Win,LAL
CLE,Win,MEM
ATL,Loss,ORL
CHI,Loss,MIN
NO,Loss,GS
PHO,Win,NY
POR,Win,OKC
MIA,Win,IND
ORL,Loss,LAC
PHI,Loss,TOR
WAS,Win,CHA
BKN,Win,LAL
HOU,Win,SAC
MEM,Win,CLE
DAL,Loss,DET
UTA,Win,OKC
SA,Win,BOS
MIL,Win,CHI
NO,Win,IND
DEN,Win,POR
PHO,Loss,SA
GS,Win,NY
ORL,Win,BKN
WAS,Win,DET
BOS,Win,CHA
TOR,Loss,ATL
CHI,Loss,MIL
HOU,Win,NO
MEM,Loss,SAC
MIA,Loss,LAC
PHI,Loss,LAL
UTA,Win,DAL
OKC,Win,PHO
DET,Loss,IND
ATL,Loss,CHA
CLE,Win,LAL
MIN,Loss,HOU
DEN,Win,NY
GS,Win,POR
WAS,Win,LAC
MEM,Loss,UTA
MIA,Loss,BOS
ORL,Loss,TOR
PHI,Win,BKN
DAL,Win,SAC
SA,Win,NO
IND,Win,WAS
CHI,Win,DET
MIN,Win,PHO
OKC,Loss,ATL
DEN,Win,DAL
CHA,Win,LAL
PHI,Loss,NO
MIA,Loss,ORL
NY,Win,IND
TOR,Win,BKN
HOU,Loss,SA
MEM,Loss,BOS
MIL,Loss,CLE
GS,Win,UTA
LAC,Win,DEN
SAC,Win,POR
CLE,Win,MIL
ATL,Loss,MIN
DET,Loss,MEM
CHI,Loss,WAS
NO,Loss,OKC
PHO,Loss,HOU
UTA,Loss,SAC
POR,Loss,DAL
BKN,Loss,GS
MIA,Win,LAL
NY,Win,ORL
IND,Loss,BOS
LAC,Win,SA
CHA,Win,CHI
ORL,Win,LAL
BOS,Loss,OKC
CLE,Win,BKN
DET,Loss,GS
MEM,Win,HOU
MIL,Win,WAS
MIN,Loss,SAC
NO,Win,MIA
DEN,Loss,ATL
PHO,Win,PHI
UTA,Loss,TOR
POR,Loss,SA
LAC,Loss,DAL
CLE,Win,GS
SA,Win,CHI
OKC,Win,MIN
LAL,Win,LAC
NY,Loss,BOS
ORL,Win,MEM
WAS,Win,MIL
BKN,Win,CHA
DET,Win,CLE
CHI,Win,IND
HOU,Win,PHO
MIN,Win,ATL
NO,Win,DAL
POR,Loss,TOR
LAC,Loss,DEN
SAC,Win,PHI
BOS,Win,MEM
MIA,Loss,OKC
DAL,Loss,HOU
LAL,Loss,UTA
ORL,Loss,CHA
WAS,Win,IND
ATL,Win,NY
DET,Loss,MIL
CHI,Win,BKN
NO,Win,LAC
SA,Win,PHO
DEN,Win,MIN
POR,Win,SAC
GS,Win,TOR
CHA,Win,MIA
CLE,Win,BOS
MEM,Win,OKC
PHO,Win,TOR
UTA,Win,PHI
LAL,Loss,DAL
IND,Win,CHI
WAS,Win,BKN
BOS,Win,MIA
ATL,Win,DET
HOU,Win,LAC
MIN,Win,MIL
NO,Win,NY
SA,Win,POR
DEN,Loss,PHI
GS,Win,DAL
SAC,Loss,MEM
CHI,Loss,MIL
CHA,Loss,CLE
HOU,Win,NY
OKC,Win,LAC
UTA,Win,PHO
ATL,Win,SA
IND,Win,ORL
MIA,Loss,DET
MIN,Loss,POR
LAL,Loss,TOR
CLE,Win,NO
MIL,Win,OKC
BKN,Loss,UTA
NY,Loss,ORL
CHI,Win,CHA
HOU,Win,WAS
GS,Win,DEN
LAC,Win,PHO
PHI,Win,MIN
BOS,Win,UTA
DET,Loss,IND
DAL,Win,WAS
SA,Win,TOR
DEN,Loss,SAC
PHO,Win,MIA
LAL,Win,MEM
CHA,Win,OKC
ORL,Loss,ATL
NY,Loss,MIL
CLE,Loss,CHI
GS,Win,POR
LAC,Win,MEM
SAC,Loss,MIA
IND,Win,BKN
DET,Win,CHA
TOR,Win,UTA
HOU,Win,OKC
NO,Loss,ATL
DAL,Loss,PHO
POR,Win,LAL
DEN,Loss,SA
ORL,Loss,HOU
WAS,Win,MIN
BOS,Win,PHI
BKN,Loss,CLE
MIL,Loss,NY
GS,Loss,MEM
LAL,Win,MIA
SAC,Loss,LAC
IND,Win,NY
BOS,Win,NO
CHI,Win,TOR
MIN,Loss,UTA
OKC,Win,DEN
DAL,Loss,ATL
SA,Win,CHA
LAC,Win,MIA
MIL,Loss,WAS
TOR,Loss,HOU
MEM,Win,UTA
PHO,Loss,CLE
SAC,Loss,GS
LAL,Win,ORL
BKN,Loss,PHI
POR,Loss,DET
NY,Loss,NO
CHI,Loss,OKC
MIN,Win,DAL
WAS,Win,CHI
BKN,Loss,ATL
TOR,Win,BOS
HOU,Win,CHA
SA,Loss,MIL
UTA,Win,CLE
GS,Win,MIA
LAL,Loss,POR
SAC,Win,DET
PHI,Win,NY
BOS,Win,WAS
MIN,Win,HOU
OKC,Win,MEM
LAC,Win,ORL
POR,Win,CLE
DEN,Win,IND
BKN,Loss,NO
NY,Win,CHI
SA,Win,LAL
PHO,Loss,DAL
GS,Win,DET
PHI,Win,CHA
TOR,Win,BKN
ATL,Loss,BOS
HOU,Loss,MEM
MIL,Win,MIA
MIN,Win,OKC
POR,Loss,ORL
SAC,Loss,CLE
UTA,Win,DET
LAC,Win,LAL
CHI,Win,NO
PHO,Win,SA
WAS,Win,PHI
UTA,Win,ORL
ATL,Win,MIL
TOR,Win,NY
DAL,Win,MIN
BKN,Loss,HOU
MEM,Loss,CHI
SAC,Loss,OKC
LAL,Loss,DET
NY,Loss,ATL
WAS,Win,POR
MIL,Loss,PHI
IND,Win,NO
DEN,Win,ORL
BOS,Win,CHA
GS,Win,CLE
PHO,Loss,UTA
LAC,Win,OKC
BKN,Loss,TOR
MIA,Win,HOU
CHI,Loss,DAL
SA,Win,MIN
LAL,Loss,DEN
CHA,Win,POR
PHI,Win,TOR
WAS,Win,MEM
BOS,Loss,NY
DET,Win,ATL
HOU,Win,MIL
NO,Win,ORL
GS,Win,OKC
SAC,Loss,IND
CLE,Win,PHO
MIA,Win,DAL
NY,Loss,WAS
SA,Win,DEN
LAC,Loss,MIN
CHA,Win,TOR
ORL,Win,MIL
PHI,Win,POR
ATL,Win,CHI
HOU,Loss,GS
MEM,Win,SAC
NO,Loss,BKN
DAL,Loss,UTA
LAL,Win,IND
BOS,Loss,POR
DET,Win,WAS
ATL,Win,PHI
CHA,Win,BKN
MIA,Win,MIL
NY,Loss,PHO
MEM,Loss,HOU
CLE,Loss,SA
CHI,Win,SAC
DEN,Win,LAC
UTA,Win,IND
DAL,Win,LAL
TOR,Loss,PHO
MIN,Win,DEN
ORL,Loss,GS
CHA,Loss,WAS
ATL,Loss,LAC
BKN,Loss,SA
DET,Loss,SAC
MIA,Win,GS
IND,Loss,NY
MIL,Win,HOU
NO,Win,CLE
UTA,Loss,OKC
ORL,Loss,CHI
PHI,Win,LAC
TOR,Loss,SA
WAS,Win,BOS
DEN,Win,UTA
PHO,Loss,MIN
CLE,Loss,SAC
BOS,Win,HOU
BKN,Loss,MIA
CHI,Loss,ATL
CHA,Loss,GS
MEM,Win,TOR
MIL,Loss,PHI
NO,Loss,OKC
DAL,Win,NY
POR,Win,LAL
MIN,Loss,IND
OKC,Win,DAL
DEN,Win,PHO
UTA,Win,LAL
IND,Win,SAC
PHI,Loss,HOU
BOS,Win,ORL
CLE,Win,BKN
NY,Win,CHA
TOR,Win,MIL
ATL,Loss,WAS
CHI,Loss,MIA
NO,Win,SA
POR,Win,MEM
CHA,Loss,SAC
MIA,Win,DET
MIL,Loss,BOS
GS,Win,LAC
MIN,Win,BKN
PHO,Loss,DEN
UTA,Loss,MEM
ATL,Win,NY
CLE,Win,OKC
IND,Win,HOU
NO,Loss,WAS
TOR,Loss,ORL
CHI,Win,PHI
SA,Loss,DAL
POR,Loss,GS
MIA,Win,BKN
BOS,Win,DET
MIN,Win,ORL
DAL,Win,CLE
PHO,Loss,MEM
PHI,Win,SAC
WAS,Win,NY
TOR,Win,NO
HOU,Win,SAC
SA,Win,OKC
POR,Win,CHA
LAL,Win,DEN
CLE,Win,MIN
ORL,Loss,IND
BOS,Win,TOR
BKN,Loss,NY
DET,Win,NO
MIA,Win,ATL
DAL,Win,PHI
DEN,Loss,MEM
PHO,Loss,LAC
UTA,Win,MIL
OKC,Loss,CHI
GS,Win,CHA
WAS,Win,LAL
HOU,Loss,ATL
SA,Win,PHI
LAC,Loss,GS
ORL,Win,TOR
BKN,Loss,IND
DET,Win,MIN
BOS,Win,LAL
HOU,Win,CHI
OKC,Win,MEM
DEN,Win,MIL
POR,Loss,DAL
SAC,Loss,PHO
ATL,Win,ORL
IND,Win,DET
WAS,Win,NO
MIA,Win,PHI
NY,Loss,CLE
MIN,Loss,MEM
PHO,Loss,MIL
SA,Win,DEN
UTA,Win,CHA
SAC,Win,GS
BOS,Win,LAC
OKC,Win,POR
BKN,Loss,TOR
IND,Win,OKC
NY,Loss,LAL
WAS,Loss,CLE
ATL,Loss,UTA
DET,Win,PHI
TOR,Win,LAC
MIN,Loss,MIA
NO,Win,PHO
DEN,Win,DAL
MEM,Win,SA
SAC,Loss,CHI
CHA,Win,BKN
HOU,Win,ORL
DAL,Loss,POR
IND,Loss,CLE
PHI,Loss,SA
ATL,Win,DEN
BKN,Loss,WAS
DET,Win,LAL
MEM,Win,PHO
MIL,Loss,MIA
MIN,Win,TOR
NO,Loss,UTA
NY,Loss,LAC
GS,Win,CHI
SAC,Win,BOS
CHA,Loss,HOU
ORL,Loss,PHI
OKC,Win,CLE
DAL,Win,UTA
POR,Loss,BOS
BKN,Loss,MIA
DET,Loss,SA
NY,Loss,DEN
MEM,Loss,GS
MIL,Loss,LAL
MIN,Loss,NO
WAS,Win,IND
PHO,Win,CHI
SAC,Win,ATL
CHA,Loss,LAC
IND,Loss,MIL
CLE,Win,DEN
PHI,Win,MIA
HOU,Win,PHO
OKC,Loss,GS
DAL,Win,ORL
UTA,Loss,BOS
MIN,Win,CHI
NY,Win,SA
TOR,Loss,DET
SAC,Win,NO
CHA,Loss,PHI
WAS,Win,OKC
BKN,Loss,MEM
MIA,Loss,ORL
IND,Loss,SA
MIL,Win,DET
DAL,Loss,BOS
DEN,Win,GS
PHO,Loss,NO
UTA,Loss,LAC
POR,Loss,ATL
CHI,Win,TOR
MIN,Loss,CLE
LAL,Loss,SAC
CLE,Win,IND
ORL,Loss,SA
BOS,Win,PHI
BKN,Loss,MIL
DET,Win,DAL
TOR,Win,CHA
HOU,Loss,MIA
MEM,Loss,NO
DEN,Loss,MIN
PHO,Win,LAL
UTA,Win,POR
OKC,Win,NY
GS,Win,SAC
LAC,Win,ATL
IND,Loss,WAS
CHI,Win,BOS
ORL,Loss,POR
DET,Win,CHA
CLE,Win,NY
NO,Loss,HOU
GS,Win,LAC
SAC,Win,DEN
IND,Win,MEM
PHI,Win,WAS
TOR,Win,BOS
ATL,Loss,MIA
CHI,Win,PHO
MIL,Loss,UTA
MIN,Win,DAL
OKC,Win,LAL
DEN,Win,BKN
LAC,Loss,SA
SAC,Loss,CHA
ORL,Win,ATL
NY,Win,PHI
MIA,Win,IND
CLE,Loss,CHI
DAL,Win,NO
HOU,Win,MIN
GS,Win,BKN
LAL,Loss,SA
MIL,Win,PHO
DEN,Loss,MEM
WAS,Loss,UTA
DET,Loss,BOS
TOR,Win,POR
OKC,Win,NO
LAC,Win,CHA
CLE,Win,MIL
NY,Loss,TOR
PHI,Loss,GS
BOS,Loss,ATL
HOU,Loss,IND
DAL,Win,MIA
SAC,Loss,MIN
WAS,Win,GS
DET,Win,POR
CHI,Loss,DEN
MEM,Win,PHO
OKC,Win,UTA
LAL,Loss,CHA
ORL,Loss,NY
ATL,Win,DAL
MIA,Win,PHI
TOR,Loss,WAS
BOS,Win,CLE
MIL,Loss,DEN
NO,Win,DET
SA,Win,IND
UTA,Loss,MIN
LAC,Loss,HOU
SAC,Loss,BKN
CHI,Win,GS
PHO,Win,CHA
POR,Win,OKC
ORL,Win,MIA
PHI,Win,NY
WAS,Loss,TOR
ATL,Loss,CLE
MIL,Win,LAC
DAL,Win,MEM
PHO,Win,OKC
UTA,Win,BKN
NO,Loss,SA
LAL,Loss,BOS
PHI,Loss,DET
MIA,Win,CLE
MIL,Win,TOR
CHI,Loss,LAC
DEN,Loss,CHA
HOU,Win,MEM
SA,Win,MIN
POR,Win,BKN
ATL,Loss,IND
NY,Loss,GS
PHO,Win,BOS
WAS,Win,ORL
SAC,Loss,UTA
DAL,Win,OKC
LAL,Loss,NO
CLE,Loss,MIA
ORL,Loss,NY
PHI,Loss,MIL
ATL,Loss,GS
DET,Win,CHI
CHA,Win,IND
MEM,Loss,BKN
SA,Win,HOU
DEN,Win,SAC
UTA,Win,NO
LAC,Win,BOS
OKC,Loss,POR
DAL,Win,LAL
PHO,Loss,WAS
ORL,Win,CHI
ATL,Win,BKN
MIA,Win,CHA
HOU,Loss,UTA
IND,Win,DET
MIL,Win,NY
MIN,Win,LAC
NO,Loss,TOR
SA,Win,SAC
DEN,Loss,WAS
GS,Loss,BOS
DET,Win,CLE
MEM,Loss,LAC
OKC,Win,SA
POR,Win,PHI
PHO,Loss,LAL
CHA,Win,ORL
ATL,Win,TOR
CHI,Loss,HOU
MIL,Win,IND
MIN,Win,GS
DAL,Win,BKN
DEN,Win,BOS
SAC,Loss,WAS
OKC,Win,UTA
LAC,Win,PHI
DET,Win,NY
CHA,Loss,NO
ORL,Loss,CLE
MIA,Win,TOR
MIL,Win,MIN
SA,Win,GS
DAL,Loss,PHO
MEM,Loss,ATL
POR,Loss,WAS
SAC,Loss,DEN
BOS,Win,CHI
BKN,Win,NY
IND,Win,MIA
HOU,Win,CLE
PHO,Loss,POR
LAL,Loss,PHI
CHA,Loss,CHI
TOR,Win,DAL
MEM,Win,MIL
MIN,Win,WAS
SA,Win,ATL
UTA,Win,LAC
DEN,Win,LAL
SAC,Win,ORL
CLE,Win,DET
BKN,Loss,OKC
NY,Win,IND
NO,Win,POR
GS,Win,PHI
IND,Win,CHA
WAS,Loss,DAL
BOS,Win,MIN
DET,Loss,UTA
MIA,Win,NO
CHI,Loss,MEM
HOU,Win,LAL
SA,Loss,POR
PHO,Loss,SAC
LAC,Loss,MIL
CLE,Win,UTA
TOR,Loss,OKC
ATL,Loss,MEM
NY,Loss,BKN
DEN,Win,LAC
GS,Win,ORL
PHI,Win,DAL
WAS,Win,CHI
BKN,Loss,BOS
DET,Loss,TOR
MIA,Win,MIN
NO,Win,HOU
PHO,Loss,ORL
LAL,Loss,MIL
OKC,Win,SAC
ATL,Loss,POR
CHA,Win,WAS
LAC,Win,CLE
CHI,Win,UTA
MEM,Win,SA
DEN,Loss,HOU
GS,Win,MIL
PHI,Win,BOS
DET,Win,PHO
MIA,Loss,POR
NO,Win,MIN
TOR,Win,IND
SA,Win,SAC
LAL,Loss,CLE
BKN,Loss,DAL
CHA,Win,ATL
IND,Win,UTA
ORL,Win,PHI
BOS,Win,WAS
HOU,Win,DEN
OKC,Loss,GS
LAC,Win,NY
TOR,Win,CHI
BKN,Win,DET
MIA,Win,PHO
NO,Win,MEM
DAL,Loss,GS
MIN,Loss,SA
POR,Loss,MIL
LAL,Loss,LAC
ORL,Loss,CHA
BOS,Win,IND
CHI,Win,DET
OKC,Win,PHI
WAS,Win,ATL
DEN,Win,CLE
SAC,Loss,MIL
UTA,Win,NY
BKN,Win,PHO
MIA,Loss,TOR
DAL,Win,LAC
SA,Win,MEM
POR,Win,NY
CHA,Loss,CLE
IND,Loss,DEN
ORL,Win,DET
WAS,Win,BKN
BOS,Win,PHO
CHI,Loss,PHI
HOU,Win,NO
MIL,Win,ATL
GS,Win,SAC
LAL,Win,MIN
LAC,Win,UTA
CLE,Loss,WAS
DAL,Loss,TOR
SA,Win,NY
POR,Win,MIN
ATL,Loss,BKN
CHA,Win,PHO
HOU,Win,OKC
LAC,Loss,SAC
MIL,Loss,CHI
BOS,Win,MIA
IND,Win,PHI
DEN,Loss,NO
GS,Win,MEM
LAL,Loss,POR
NY,Win,DET
TOR,Win,ORL
SA,Win,CLE
DAL,Loss,OKC
SAC,Win,MEM
UTA,Win,NO
CHA,Loss,MIL
IND,Loss,MIN
ATL,Win,PHO
BKN,Loss,PHI
DET,Loss,MIA
HOU,Loss,GS
POR,Win,DEN
LAL,Loss,WAS
ORL,Loss,OKC
PHI,Loss,ATL
BOS,Loss,MIL
NY,Loss,MIA
TOR,Loss,CHA
MEM,Win,IND
NO,Win,DAL
SA,Loss,GS
LAC,Win,WAS
SAC,Loss,UTA
DET,Win,BKN
CHI,Win,CLE
MIN,Win,LAL
PHO,Loss,LAC
POR,Win,HOU
CHA,Win,DEN
TOR,Win,IND
BOS,Win,ORL
CLE,Win,PHI
MEM,Win,DAL
MIA,Loss,NY
MIL,Win,DET
NO,Win,SAC
UTA,Win,WAS
OKC,Loss,SA
GS,Win,HOU
LAC,Win,LAL
CHI,Win,ATL
BKN,Win,ORL
MIN,Loss,SAC
POR,Win,PHO
NY,Loss,BOS
OKC,Loss,CHA
LAL,Win,MEM
MIL,Loss,DAL
SA,Win,UTA
BKN,Win,ATL
CLE,Win,IND
MIA,Loss,DEN
NO,Loss,CHI
TOR,Win,PHI
GS,Win,WAS
PHO,Loss,HOU
MIN,Win,POR
CLE,Win,ORL
IND,Win,TOR
PHI,Loss,BKN
WAS,Win,CHA
NO,Loss,DEN
NY,Win,CHI
OKC,Win,MIL
SA,Win,MEM
GS,Win,MIN
SAC,Win,DAL
UTA,Win,POR
CHA,Loss,MIA
DET,Loss,TOR
BOS,Loss,CLE
HOU,Win,DEN
MEM,Loss,OKC
SA,Loss,LAL
PHO,Loss,GS
LAC,Win,DAL
IND,Win,MIL
ORL,Win,BKN
PHI,Loss,CHI
NY,Loss,WAS
ATL,Win,BOS
POR,Win,MIN
CLE,Loss,ATL
TOR,Win,MIA
HOU,Loss,DET
MEM,Win,NY
DAL,Loss,SA
DEN,Win,NO
UTA,Win,MIN
PHO,Win,OKC
LAL,Win,SAC
BKN,Win,CHI
CHA,Loss,BOS
ORL,Loss,IND
PHI,Loss,MIL
WAS,Loss,MIA
SA,Loss,LAC
POR,Win,UTA
GS,Win,NO
NY,Loss,TOR
ATL,Win,CLE
DEN,Loss,OKC
MEM,Loss,DET
PHO,Win,DAL
SAC,Loss,HOU
LAL,Win,MIN
PHI,Loss,IND
BOS,Win,BKN
MIA,Win,CLE
CHI,Win,ORL
DET,Loss,WAS
MIL,Win,CHA
POR,Win,SA
GS,Loss,UTA
LAC,Win,HOU
ATL,Win,CHA
MIN,Loss,OKC
DAL,Loss,DEN
LAL,Win,NO
SAC,Win,PHO
BOS,Win,MIL
CHI,Win,BKN
CLE,Loss,TOR
HOU,Win,MIN
IND,Win,ATL
MEM,Loss,DAL
MIA,Win,WAS
NY,Win,PHI
OKC,Loss,DEN
ORL,Win,DET
UTA,Win,SA
GS,Win,LAL
LAC,Win,SAC
POR,Loss,NO
CLE,Win,BOS
GS,Loss,HOU
DET,Win,CHA
IND,Win,BKN
ORL,Win,MIA
WAS,Win,PHI
BOS,Loss,MIL
MEM,Win,NO
DAL,Loss,ATL
UTA,Win,DEN
SA,Win,MIN
PHO,Loss,POR
SAC,Loss,HOU
TOR,Win,CHI
OKC,Win,NY
LAL,Loss,LAC
CHA,Win,ATL
IND,Loss,POR
MIL,Loss,CLE
PHI,Loss,BOS
WAS,Win,DET
BKN,Win,ORL
MIN,Win,UTA
DAL,Loss,SAC
NO,Loss,GS
PHO,Loss,LAL
TOR,Win,PHI
CHI,Loss,SA
CLE,Loss,ORL
HOU,Win,DAL
MEM,Win,GS
MIA,Win,IND
NY,Loss,DET
MIL,Win,POR
DEN,Win,SAC
UTA,Win,OKC
LAC,Win,PHO
BKN,Win,ATL
OKC,Loss,MIN
LAL,Loss,NO
DET,Loss,PHI
MIA,Win,ATL
HOU,Loss,MEM
MIL,Win,CHA
DAL,Loss,GS
SA,Win,TOR
DEN,Loss,WAS
PHO,Win,SAC
CLE,Win,CHI
ORL,Win,BKN
BOS,Win,NY
MIN,Loss,IND
POR,Win,NO
LAC,Win,UTA
CHA,Win,DEN
DET,Win,MIN
PHI,Loss,HOU
BKN,Win,CLE
MIA,Loss,SA
OKC,Win,IND
DAL,Win,MEM
PHO,Win,UTA
GS,Win,TOR
LAL,Win,WAS
CHI,Win,ATL
MEM,Win,DAL
MIL,Loss,BOS
POR,Loss,LAC
SAC,Loss,NO
CHA,Loss,HOU
ORL,Win,SA
ATL,Loss,DEN
NY,Win,BKN
MIN,Win,OKC
GS,Win,WAS
LAL,Loss,TOR
NO,Win,CLE
CHI,Loss,OKC
MEM,Win,HOU
MIA,Loss,BOS
DAL,Loss,PHI
UTA,Win,LAL
POR,Win,PHO
LAC,Loss,DET
ATL,Loss,MIL
IND,Win,SA
BKN,Loss,DEN
CHA,Win,ORL
SAC,Loss,WAS
CLE,Loss,NY
GS,Loss,DET
BOS,Win,SA
MIA,Loss,MIN
NY,Win,DEN
HOU,Loss,PHI
MEM,Loss,CHA
NO,Loss,ORL
UTA,Win,DAL
POR,Loss,TOR
LAC,Loss,GS
IND,Win,SAC
BKN,Loss,PHO
MIL,Loss,OKC
LAL,Win,DET
CHA,Win,MIL
CLE,Loss,IND
PHI,Win,ATL
WAS,Loss,PHO
BOS,Win,SAC
MIA,Win,CHI
MEM,Loss,ORL
NO,Loss,MIN
NY,Loss,HOU
DEN,Win,TOR
UTA,Win,POR
LAC,Win,DAL
SA,Loss,GS
POR,Win,LAL
DET,Win,MIL
ORL,Loss,CHI
PHI,Win,IND
WAS,Loss,CLE
ATL,Loss,HOU
NY,Win,PHO
DAL,Loss,NO
SA,Win,CHA
DEN,Win,MIA
UTA,Loss,TOR
OKC,Loss,BOS
LAL,Win,BKN
LAC,Loss,MEM
DET,Win,SAC
CHI,Loss,NO
MIN,Win,DAL
DEN,Loss,GS
CLE,Loss,ATL
LAC,Loss,MIA
ORL,Loss,BOS
TOR,Loss,WAS
HOU,Win,UTA
SA,Win,PHO
NY,Win,IND
MIN,Win,CHA
POR,Win,OKC
LAL,Win,MEM
ATL,Loss,BOS
PHO,Loss,BKN
GS,Win,MIA
CLE,Win,MIL
IND,Loss,NO
WAS,Loss,DAL
NY,Win,CHA
TOR,Win,CHI
SA,Win,LAC
DEN,Win,BKN
UTA,Loss,PHI
POR,Loss,MEM
SAC,Win,OKC
DET,Win,IND
ORL,Win,NY
BOS,Win,LAL
PHO,Loss,MIA
GS,Win,MIN
WAS,Win,LAL
TOR,Win,NO
HOU,Win,CLE
SAC,Win,PHI
DEN,Win,OKC
DET,Win,ATL
BOS,Win,CHA
CHI,Loss,IND
OKC,Win,LAC
PHO,Loss,ORL
SA,Loss,MIL
UTA,Loss,MIA
POR,Loss,BKN
NO,Win,LAC
WAS,Win,ATL
HOU,Win,MEM
NY,Win,SAC
DAL,Loss,CLE
GS,Win,PHI
MIL,Win,LAL
SA,Win,CHI
DEN,Win,ORL
PHO,Win,MIN
UTA,Win,BKN
BOS,Win,TOR
DET,Win,MIA
IND,Loss,HOU
OKC,Win,DAL
WAS,Win,SAC
NY,Loss,CLE
MIL,Win,MEM
NO,Win,ATL
PHO,Loss,LAL
UTA,Loss,MIN
POR,Win,DEN
GS,Win,ORL
LAC,Loss,PHI
BKN,Loss,BOS
HOU,Loss,TOR
DAL,Loss,SA
ATL,Win,SAC
MIA,Loss,WAS
NY,Win,UTA
CHA,Loss,CLE
MEM,Loss,IND
MIL,Win,DET
MIN,Win,SA
NO,Loss,TOR
OKC,Win,CHI
POR,Win,ORL
LAL,Loss,PHI
BOS,Win,GS
PHO,Loss,HOU
IND,Win,DET
WAS,Loss,MIA
BKN,Win,UTA
CLE,Win,LAC
TOR,Win,NY
CHI,Win,CHA
SA,Win,OKC
DAL,Loss,MIN
SAC,Win,POR
DEN,Win,NO
LAL,Loss,PHO
CHA,Win,LAC
ORL,Loss,UTA
ATL,Loss,BOS
PHI,Loss,GS
MEM,Loss,HOU
DAL,Win,MIL
POR,Win,SAC
MIA,Loss,IND
BKN,Loss,GS
TOR,Win,WAS
MIN,Loss,DET
PHO,Win,CHI
LAL,Win,DEN
CHA,Win,MIN
DET,Loss,CLE
ORL,Loss,IND
PHI,Win,UTA
NY,Win,LAC
MEM,Loss,POR
MIL,Loss,WAS
NO,Win,OKC
DAL,Loss,BOS
SA,Win,ATL
SAC,Loss,DEN
LAL,Win,CHI
CHA,Win,WAS
CLE,Win,BKN
PHI,Win,POR
ATL,Loss,LAC
MIA,Win,BOS
NY,Win,TOR
HOU,Win,DEN
MEM,Loss,DAL
MIN,Win,ORL
NO,Win,SA
OKC,Win,GS
PHO,Loss,MIL
UTA,Win,CHI
SAC,Win,LAL
ATL,Win,NY
BOS,Win,ORL
CLE,Win,CHA
IND,Win,TOR
MIN,Loss,MIA
OKC,Loss,DET
DEN,Win,MEM
PHO,Loss,NO
BKN,Loss,POR
GS,Win,CHI
CHA,Loss,SA
PHI,Win,ORL
WAS,Loss,POR
ATL,Loss,TOR
HOU,Win,NY
IND,Loss,BOS
DAL,Win,OKC
GS,Win,NO
UTA,Win,MIL
SAC,Loss,LAC
CHI,Loss,MIA
MIN,Win,PHO
MEM,Loss,BKN
IND,Win,ORL
PHI,Loss,CLE
BOS,Loss,DET
NY,Loss,POR
HOU,Win,BKN
SA,Win,DAL
GS,Loss,SAC
LAC,Win,LAL
CLE,Win,MIA
CHI,Loss,PHO
MIN,Loss,WAS
SAC,Loss,MIL
UTA,Win,DEN
DET,Win,PHO
ORL,Win,OKC
PHI,Win,WAS
NY,Win,MIA
TOR,Win,CHA
HOU,Win,IND
NO,Loss,MIN
DAL,Loss,BKN
SA,Win,MEM
LAL,Loss,GS
ATL,Loss,CLE
BOS,Win,PHI
DEN,Win,CHI
POR,Loss,MIL
LAC,Loss,UTA
ORL,Loss,GS
WAS,Win,DET
TOR,Win,IND
CHI,Loss,SAC
MEM,Loss,SA
MIA,Win,CHA
OKC,Win,MIN
UTA,Win,NO
BOS,Win,PHO
DAL,Win,LAC
BKN,Loss,ATL
CLE,Win,MEM
PHI,Win,DET
MIL,Win,SAC
DEN,Win,LAL
POR,Loss,NO
NY,Loss,ORL
MIA,Loss,GS
MIN,Win,LAC
OKC,Win,SA
LAL,Loss,HOU
CHA,Win,ORL
IND,Win,NY
PHI,Loss,PHO
ATL,Loss,BKN
BOS,Win,MIL
CHI,Loss,CLE
MEM,Win,MIN
NO,Loss,GS
DAL,Win,DEN
SA,Win,DET
UTA,Win,WAS
TOR,Win,PHO
OKC,Win,UTA
POR,Loss,WAS
CLE,Win,SAC
IND,Win,CHI
ORL,Win,ATL
BOS,Win,DAL
NY,Win,MEM
CHA,Loss,GS
MIL,Win,DET
NO,Win,DEN
SA,Win,MIA
LAC,Loss,MIN
PHI,Loss,LAL
PHO,Loss,WAS
BKN,Win,OKC
UTA,Loss,HOU
CHA,Loss,CHI
DET,Loss,GS
IND,Win,CLE
ORL,Loss,DEN
MEM,Loss,TOR
MIL,Win,DAL
NO,Loss,SAC
SA,Win,BOS
LAC,Win,WAS
BKN,Loss,MIA
CHA,Loss,LAL
ATL,Win,ORL
CHI,Win,NY
CLE,Win,PHI
MIL,Win,UTA
MEM,Loss,OKC
PHO,Loss,SA
POR,Loss,HOU
SAC,Loss,TOR
DET,Loss,BOS
IND,Win,DEN
MIN,Win,DAL
NO,Win,PHI
NY,Win,ATL
CHI,Win,BOS
HOU,Win,NO
MEM,Loss,MIA
OKC,Loss,CHA
GS,Win,POR
LAC,Win,TOR
CLE,Win,ATL
DET,Loss,DEN
NY,Win,LAL
BKN,Win,WAS
MIN,Loss,PHI
DAL,Win,SA
SAC,Win,PHO
IND,Loss,OKC
ORL,Loss,LAC
WAS,Win,MEM
BOS,Win,DEN
MIA,Loss,POR
CHI,Win,UTA
NO,Win,MIL
PHO,Loss,TOR
HOU,Win,CHA
ATL,Loss,DET
BKN,Loss,NY
CLE,Win,LAL
MIN,Win,SAC
GS,Win,DAL
CHA,Loss,MIA
IND,Loss,DET
ORL,Loss,POR
PHI,Loss,OKC
WAS,Win,LAC
BOS,Loss,UTA
TOR,Win,BKN
MEM,Win,ATL
MIL,Loss,CHI
DEN,Win,NO
HOU,Win,SA
CHA,Loss,POR
CLE,Win,UTA
NY,Win,OKC
HOU,Win,MIL
MIA,Win,LAC
MIN,Loss,PHO
SA,Win,DAL
MEM,Loss,BOS
TOR,Win,SAC
DET,Win,ORL
BKN,Loss,IND
WAS,Loss,CLE
CHA,Win,NY
IND,Loss,BOS
ATL,Win,MIA
CHI,Win,PHI
HOU,Win,UTA
MIN,Win,POR
OKC,Win,DEN
DAL,Loss,PHO
SA,Win,LAC
LAL,Loss,GS
PHI,Loss,SAC
WAS,Win,NO
MIL,Win,CLE
CHA,Loss,TOR
ATL,Loss,IND
BOS,Loss,MIA
BKN,Loss,SAC
CHI,Win,ORL
HOU,Loss,LAL
OKC,Win,UTA
DAL,Win,DET
DEN,Loss,MIN
POR,Loss,SA
GS,Win,MEM
LAC,Win,PHO
CLE,Win,CHI
PHI,Loss,TOR
NY,Win,BOS
PHO,Win,MEM
UTA,Win,SA
DET,Win,NY
ORL,Loss,NO
BKN,Win,WAS
HOU,Loss,LAC
MIA,Win,DAL
MIL,Win,CHA
OKC,Win,ATL
POR,Loss,DEN
GS,Win,LAL
TOR,Win,PHI
CHA,Win,MIL
IND,Win,BKN
WAS,Win,ORL
ATL,Win,DAL
BOS,Win,CHI
MEM,Win,LAC
MIA,Loss,NO
UTA,Loss,OKC
GS,Loss,DEN
PHO,Loss,MIN
LAL,Loss,POR
SAC,Loss,SA
GS,Win,CLE
BOS,Loss,WAS
OKC,Win,HOU
NY,Loss,PHI
LAL,Loss,MIN
DAL,Win,TOR
DET,Win,IND
MIA,Win,ORL
MIL,Loss,CHI
SA,Win,BKN
DEN,Win,UTA
PHO,Win,MEM
LAC,Win,SAC
CHA,Loss,BOS
IND,Loss,DAL
ATL,Win,WAS
CHI,Win,NY
MIN,Win,DEN
NO,Win,BKN
OKC,Win,TOR
SAC,Win,CLE
GS,Win,UTA
LAL,Loss,MEM
ORL,Win,DET
BOS,Win,HOU
MIL,Win,MIN
SA,Win,NY
POR,Win,PHI
WAS,Win,HOU
TOR,Win,ATL
CHI,Win,IND
MIA,Loss,BKN
NO,Loss,DAL
OKC,Loss,MIL
SAC,Loss,PHO
GS,Loss,CHA
LAL,Loss,LAC
DET,Win,SA
NO,Loss,NY
ORL,Loss,MIA
ATL,Win,POR
UTA,Win,CLE
GS,Win,MEM
DEN,Loss,PHI
WAS,Win,CHI
IND,Loss,MIN
BOS,Win,BKN
HOU,Win,LAL
LAC,Win,CHA
OKC,Loss,DAL
SAC,Loss,MEM
PHO,Loss,PHI
BKN,Win,ORL
TOR,Win,MIL
CHI,Loss,POR
MIN,Win,LAL
CLE,Win,POR
NY,Loss,SA
PHO,Win,ATL
SAC,Loss,CHA
LAC,Win,MEM
ORL,Loss,HOU
PHI,Win,SA
WAS,Win,NY
BKN,Win,MIN
MIA,Win,DET
BOS,Win,CLE
CHI,Loss,TOR
MIL,Win,IND
DAL,Loss,GS
DEN,Win,PHO
UTA,Loss,NO
LAL,Loss,OKC
HOU,Loss,GS
LAC,Loss,OKC
MIA,Win,NY
PHI,Win,DET
BOS,Win,MIN
MIL,Loss,TOR
DAL,Loss,CHI
SA,Win,PHO
DEN,Win,UTA
MEM,Loss,WAS
POR,Win,ATL
LAL,Loss,CHA
LAC,Loss,GS
BKN,Loss,BOS
DET,Win,HOU
IND,Win,CHI
ORL,Loss,CLE
WAS,Loss,MIL
MIN,Win,NO
SAC,Win,DEN
MIA,Win,UTA
DAL,Loss,NY
PHO,Win,OKC
POR,Win,SA
LAL,Win,ATL
IND,Win,MIL
BKN,Loss,TOR
CHI,Loss,HOU
MIN,Win,CLE
NO,Win,DET
SAC,Loss,SA
GS,Win,DEN
LAC,Win,ATL
TOR,Loss,MIA
OKC,Loss,POR
DAL,Win,ORL
LAL,Win,SAC
CHA,Loss,DAL
IND,Loss,MIA
WAS,Loss,UTA
BKN,Loss,DET
NY,Loss,CHI
HOU,Win,POR
MEM,Win,NO
MIL,Win,ORL
MIN,Win,OKC
DEN,Loss,ATL
GS,Loss,LAC
PHI,Loss,BOS
TOR,Win,CLE
SAC,Loss,LAC
LAL,Win,SA
CHA,Win,UTA
IND,Win,CLE
WAS,Win,ORL
ATL,Loss,BKN
MIL,Loss,GS
MIN,Win,NY
NO,Win,POR
DEN,Win,MEM
PHO,Loss,HOU
DAL,Loss,LAL
LAC,Win,SAC
CHA,Loss,OKC
WAS,Win,BKN
TOR,Loss,GS
CHI,Win,DET
SA,Win,DEN
MIA,Win,MIL
NY,Loss,NO
PHO,Loss,IND
MIN,Win,POR
PHI,Win,TOR
WAS,Loss,MIL
ATL,Win,SA
BKN,Loss,NY
OKC,Win,SAC
CHI,Win,MIA
MEM,Win,LAL
CLE,Loss,GS
UTA,Loss,IND
LAC,Win,HOU
DET,Loss,CHA
ORL,Win,MIN
BOS,Loss,NO
DEN,Win,DAL
POR,Win,PHO
CHA,Win,WAS
ATL,Win,NO
BKN,Loss,SA
TOR,Win,DET
CHI,Loss,GS
MEM,Win,NY
MIL,Loss,MIA
OKC,Win,LAL
SAC,Loss,UTA
LAC,Win,DEN
BOS,Loss,PHI
CLE,Win,ORL
HOU,Win,MIN
POR,Win,IND
TOR,Win,SA
BKN,Win,MIA
DET,Loss,WAS
MEM,Win,SAC
DEN,Loss,PHO
LAL,Win,IND
UTA,Loss,NY
CLE,Loss,OKC
ATL,Loss,CHI
CHA,Loss,MIA
NO,Win,MEM
PHI,Win,MIL
HOU,Win,GS
MIN,Win,TOR
UTA,Win,LAC
POR,Win,DAL
BOS,Loss,ORL
LAL,Win,NY
DET,Loss,BKN
SA,Loss,IND
CHA,Win,SAC
ATL,Win,UTA
HOU,Win,MIA
MEM,Win,PHI
MIL,Win,PHO
NO,Win,CHI
DAL,Win,WAS
DEN,Win,POR
LAC,Loss,MIN
ORL,Loss,SAC
OKC,Win,BKN
SA,Win,CLE
GS,Win,NY
LAL,Win,BOS
CHA,Loss,NO
DET,Loss,UTA
IND,Win,PHO
PHI,Win,CHI
ATL,Loss,TOR
DAL,Loss,HOU
MEM,Loss,SA
POR,Win,MIN
LAC,Loss,BOS
MIA,Loss,SAC
OKC,Win,WAS
DEN,Win,NY
GS,Win,MIN
CHA,Win,ATL
CLE,Win,IND
TOR,Loss,UTA
CHI,Loss,LAL
MEM,Loss,LAC
MIL,Win,BKN
NO,Win,HOU
DAL,Loss,POR
SA,Loss,PHI
PHO,Loss,NY
DET,Loss,OKC
IND,Win,ORL
ATL,Loss,WAS
MIA,Win,CHA
GS,Win,BOS
DEN,Win,DAL
MIN,Win,BKN
CHI,Loss,MIL
HOU,Win,PHO
NO,Loss,LAC
CLE,Win,DET
OKC,Win,PHI
TOR,Win,LAL
SA,Win,SAC
IND,Win,CHA
ATL,Win,MIN
MEM,Win,PHO
MIL,Win,PHI
DAL,Loss,MIA
DEN,Loss,BOS
WAS,Win,OKC
NY,Win,BKN
TOR,Win,MIN
DET,Win,CLE
HOU,Win,ORL
NO,Loss,SAC
SA,Win,DEN
UTA,Win,GS
LAC,Loss,POR
IND,Win,MEM
ORL,Win,LAL
ATL,Loss,CHA
BKN,Win,PHI
CLE,Win,MIA
BOS,Win,NY
POR,Win,CHI
PHO,Win,DAL
DET,Win,MEM
WAS,Win,TOR
MIN,Win,MIL
SA,Loss,HOU
DEN,Win,OKC
CHA,Win,IND
BOS,Win,ATL
BKN,Loss,LAL
TOR,Win,POR
MIL,Win,NY
PHI,Win,MIA
OKC,Loss,NO
PHO,Loss,UTA
SAC,Loss,GS
LAC,Win,CHI
DET,Win,MIA
IND,Win,PHI
ORL,Loss,WAS
CLE,Loss,HOU
DEN,Win,GS
MIN,Win,NO
SA,Loss,UTA
SAC,Loss,DAL
OKC,Loss,LAL
PHO,Loss,CHA
BOS,Win,POR
BKN,Loss,MIL
NY,Loss,ATL
TOR,Win,MEM
DET,Win,POR
IND,Loss,WAS
MIA,Loss,ORL
NO,Loss,UTA
DEN,Win,CHA
SAC,Win,CHI
LAC,Win,DAL
ORL,Win,CLE
ATL,Win,MEM
BKN,Loss,HOU
NY,Loss,MIL
TOR,Win,BOS
PHI,Win,WAS
GS,Loss,OKC
LAL,Win,PHO
DET,Win,BKN
MIA,Loss,HOU
CLE,Win,MIN
MEM,Loss,UTA
PHO,Loss,SA
ORL,Win,ATL
TOR,Win,NY
WAS,Loss,BOS
POR,Win,CHA
GS,Win,DAL
LAL,Win,OKC
DET,Loss,LAC
PHI,Win,NO
ATL,Loss,CLE
BOS,Loss,IND
CHI,Win,MIN
HOU,Win,DEN
MIA,Win,MIL
UTA,Win,CHA
SAC,Loss,POR
BKN,Loss,NO
ORL,Loss,MIL
PHI,Win,LAC
CHI,Loss,WAS
DAL,Win,LAL
GS,Win,SA
PHO,Loss,DEN
CHA,Loss,TOR
ATL,Win,DET
BOS,Loss,CLE
IND,Win,NY
HOU,Win,DAL
MIN,Win,SAC
OKC,Win,MEM
POR,Loss,UTA
DET,Loss,NO
PHI,Win,NY
BKN,Loss,LAC
CHI,Win,ORL
UTA,Win,SA
GS,Win,PHO
TOR,Win,MIA
MIL,Win,ATL
MIN,Loss,HOU
OKC,Loss,CLE
DAL,Loss,SAC
DEN,Win,SA
DET,Win,ATL
ORL,Loss,CHA
PHI,Win,MIA
BKN,Loss,IND
NY,Loss,WAS
BOS,Loss,LAC
CHI,Loss,TOR
HOU,Win,SAC
MEM,Loss,OKC
NO,Win,LAL
UTA,Win,PHO
POR,Win,GS
MIL,Loss,DEN
MIN,Win,LAL
CHA,Win,BKN
ORL,Loss,NY
CHI,Loss,PHI
CLE,Loss,WAS
SAC,Loss,OKC
GS,Win,LAC
DET,Loss,BOS
IND,Win,ATL
WAS,Loss,CHA
TOR,Loss,MIL
HOU,Win,MIN
MEM,Loss,CLE
NO,Win,MIA
DEN,Win,SA
PHO,Loss,LAC
UTA,Loss,POR
LAL,Win,DAL
PHI,Win,ORL
MIA,Win,MEM
NY,Loss,BOS
GS,Win,OKC
MIN,Win,CHI
PHO,Loss,POR
UTA,Win,DAL
SAC,Loss,LAL
CHA,Win,DET
MIL,Loss,NO
CLE,Loss,SA
DEN,Loss,HOU
WAS,Win,PHI
ATL,Loss,LAL
BOS,Win,MEM
BKN,Win,CHI
NY,Loss,GS
TOR,Win,DET
NO,Win,PHO
OKC,Win,ORL
DAL,Win,IND
UTA,Loss,HOU
SAC,Loss,MIN
CHA,Win,CHI
CLE,Win,BKN
MIA,Win,PHI
MIL,Loss,WAS
POR,Win,SAC
DEN,Loss,LAC
DET,Win,MIL
ORL,Loss,TOR
ATL,Win,IND
BOS,Win,CHA
MEM,Loss,PHO
WAS,Loss,GS
DAL,Loss,OKC
SA,Loss,NO
LAC,Loss,HOU
MIA,Loss,LAL
CLE,Loss,PHI
SAC,Win,BKN
POR,Win,MIN
ORL,Win,DET
PHI,Win,CHA
ATL,Loss,GS
CHI,Win,DAL
MEM,Loss,DEN
MIL,Loss,IND
WAS,Loss,TOR
PHO,Loss,OKC
LAC,Win,NY
UTA,Win,MIN
ORL,Win,MEM
CLE,Loss,DEN
MIA,Win,DET
HOU,Win,BOS
SA,Loss,LAL
POR,Win,OKC
SAC,Loss,UTA
ATL,Win,PHO
TOR,Win,CHA
WAS,Loss,IND
DAL,Loss,NO
MIL,Win,PHI
LAC,Win,BKN
SAC,Win,NY
CLE,Win,DET
IND,Win,MIL
MIA,Win,PHO
CHI,Loss,BOS
SA,Win,MEM
UTA,Win,ORL
LAL,Loss,POR
CHA,Loss,PHI
TOR,Win,ATL
WAS,Win,MIA
OKC,Loss,HOU
DAL,Win,DEN
POR,Win,NY
GS,Win,BKN
LAC,Loss,NO
IND,Loss,UTA
CHI,Win,MEM
DET,Loss,TOR
MIL,Loss,HOU
SAC,Loss,NO
DEN,Loss,CLE
LAL,Win,ORL
CHA,Loss,BKN
MIA,Win,PHI
MIN,Loss,BOS
OKC,Win,PHO
GS,Win,SA
DET,Win,CHI
IND,Win,ATL
TOR,Win,HOU
MEM,Loss,UTA
MIL,Win,NY
NO,Loss,WAS
DEN,Win,LAL
POR,Win,GS
SAC,Win,ORL
LAC,Win,CLE
CHA,Win,PHO
MIA,Win,WAS
DAL,Win,MEM
OKC,Win,SA
LAC,Win,ORL
NY,Loss,TOR
ATL,Loss,CHI
MIN,Win,GS
NO,Loss,UTA
DEN,Win,SAC
DAL,Loss,HOU
BOS,Loss,IND
BKN,Loss,PHI
LAL,Win,CLE
HOU,Win,SA
MEM,Loss,MIL
OKC,Win,SAC
POR,Win,MIA
PHI,Loss,IND
WAS,Loss,MIN
ATL,Loss,OKC
BKN,Loss,TOR
NY,Loss,DAL
CHI,Loss,LAC
NO,Win,CHA
SA,Win,ORL
UTA,Win,DET
PHO,Loss,CLE
LAL,Win,DEN
ORL,Win,MIL
BOS,Loss,WAS
SAC,Win,MIA
GS,Win,LAL
IND,Loss,TOR
ATL,Loss,CHA
NY,Loss,PHI
HOU,Win,LAC
MEM,Loss,CHI
SA,Win,NO
DEN,Win,DET
UTA,Win,PHO
POR,Win,CLE
ORL,Loss,BOS
PHI,Win,BKN
TOR,Win,DAL
OKC,Win,LAC
GS,Loss,SAC
LAL,Loss,MIA
NO,Loss,HOU
WAS,Win,IND
BKN,Win,DAL
NY,Win,CHA
CHI,Loss,CLE
MEM,Win,DEN
MIL,Win,ATL
SA,Win,MIN
UTA,Win,SAC
PHO,Loss,GS
POR,Win,DET
TOR,Loss,OKC
NO,Win,BOS
MIN,Loss,HOU
LAC,Loss,POR
CLE,Win,MIL
IND,Win,LAL
PHI,Win,CHA
BKN,Win,MEM
MIA,Win,DEN
NY,Win,CHI
SA,Win,GS
SAC,Loss,DET
ORL,Loss,TOR
BOS,Win,OKC
MIN,Win,LAC
NO,Win,DAL
UTA,Loss,ATL
PHO,Loss,DET
POR,Loss,HOU
CLE,Win,TOR
PHI,Win,MEM
BKN,Loss,CHA
MIA,Win,NY
CHI,Loss,DEN
MIL,Loss,LAC
SA,Win,WAS
NO,Win,IND
CHA,Win,MEM
ORL,Loss,PHI
HOU,Win,DET
NO,Win,LAL
DAL,Loss,UTA
SAC,Win,ATL
IND,Win,LAC
WAS,Loss,DEN
CLE,Win,PHO
NY,Loss,MIN
TOR,Win,BKN
CHI,Loss,MIL
OKC,Win,MIA
SA,Win,UTA
POR,Loss,BOS
GS,Win,ATL
PHI,Win,MIN
DET,Win,CHI
ORL,Win,PHO
HOU,Win,NO
MEM,Loss,LAL
DAL,Loss,CHA
BKN,Loss,CLE
MIL,Win,SA
IND,Win,MIA
SAC,Loss,BOS
TOR,Loss,LAC
WAS,Loss,NY
OKC,Loss,POR
HOU,Win,ATL
GS,Loss,UTA
CHA,Win,NY
DET,Win,LAL
PHI,Win,DEN
MIN,Loss,MEM
PHO,Loss,BOS
WAS,Win,SA
TOR,Win,DEN
HOU,Win,CHI
MIA,Win,CLE
NO,Loss,POR
SAC,Loss,DAL
GS,Loss,IND
LAC,Win,MIL
CHA,Loss,CLE
ORL,Loss,BKN
PHI,Win,NY
MEM,Win,POR
MIN,Win,ATL
UTA,Loss,BOS
PHO,Loss,LAC
LAL,Win,DAL
DET,Win,WAS
MIA,Win,CHI
SA,Win,OKC
SAC,Loss,IND
GS,Loss,MIL
ORL,Loss,CHI
ATL,Loss,PHI
CLE,Win,NO
HOU,Win,PHO
OKC,Loss,DEN
DAL,Loss,MIN
UTA,Win,MEM
LAL,Loss,MIL
POR,Win,LAC
WAS,Win,CHA
NY,Loss,DET
BOS,Win,TOR
MIA,Loss,BKN
SAC,Loss,GS
CHA,Loss,PHI
CHI,Win,WAS
LAC,Loss,IND
SA,Win,HOU
ATL,Win,ORL
BKN,Loss,DET
CLE,Win,DAL
NO,Loss,OKC
MIN,Loss,UTA
DEN,Win,MIL
GS,Win,PHO
POR,Win,MEM
LAL,Loss,SAC
CLE,Win,TOR
PHI,Win,BKN
MIA,Win,ATL
NY,Loss,ORL
CHI,Win,CHA
HOU,Win,WAS
MIL,Win,BOS
OKC,Loss,GS
DAL,Win,POR
DEN,Win,IND
UTA,Win,LAL
PHO,Win,SAC
LAC,Win,SA
DET,Loss,PHI
ORL,Win,DAL
TOR,Win,BOS
ATL,Loss,MIA
NO,Win,MEM
LAL,Win,SA
IND,Win,GS
CLE,Win,WAS
HOU,Win,POR
MIL,Loss,BKN
UTA,Win,LAC
DEN,Win,MIN
DET,Win,DAL
ORL,Loss,CHA
PHI,Win,CLE
WAS,Loss,ATL
BOS,Win,CHI
NY,Win,MIA
TOR,Win,IND
MEM,Loss,SAC
PHO,Loss,NO
LAL,Loss,MIN
LAC,Loss,DEN
NY,Loss,MIL
CHI,Loss,BKN
GS,Loss,NO
HOU,Loss,OKC
SA,Win,POR
CHA,Loss,IND
PHI,Win,DAL
MEM,Win,DET
LAL,Loss,UTA
TOR,Win,ORL
BOS,Loss,ATL
PHO,Loss,GS
DET,Loss,TOR
BKN,Win,CHI
MIA,Loss,OKC
NY,Loss,CLE
MIL,Win,ORL
MIN,Win,MEM
SA,Win,SAC
DEN,Win,POR
LAC,Loss,NO
IND,Loss,CHA
ATL,Loss,PHI
WAS,Win,BOS
DAL,Loss,PHO
UTA,Win,GS
LAL,Loss,HOU
BOS,Win,BKN
CHI,Loss,DET
CLE,Loss,NY
MIA,Win,TOR
MIN,Win,DEN
NO,Win,SA
OKC,Win,MEM
ORL,Win,WAS
PHI,Win,MIL
LAC,Loss,LAL
POR,Win,UTA
SAC,Win,HOU
